#{"t_start": 1749135669.2434473, "env_id": "None"}
r,l,t,terminated,truncated,episode_count
-444.351513,249,0.198722,True,False,1
-434.579779,134,0.296132,True,False,2
-257.325501,386,0.57183,True,False,3
-66.213887,471,0.914908,True,False,4
-374.342422,405,1.203579,True,False,5
-378.325367,147,1.319781,True,False,6
-457.416665,168,1.443856,True,False,7
-326.821197,368,2.630657,True,False,8
-423.981544,159,2.746607,True,False,9
-431.540781,264,2.939046,True,False,10
-456.744318,232,3.108348,True,False,11
-75.468114,453,3.468786,True,False,12
-349.094896,143,3.571872,True,False,13
-369.768608,152,3.683652,True,False,14
-514.284803,379,4.867552,True,False,15
-574.270061,254,5.078911,True,False,16
-423.749428,167,5.195384,True,False,17
-342.639246,261,5.414171,True,False,18
-18.232375,464,5.744592,True,False,19
-642.48604,322,5.977111,True,False,20
-410.214925,108,6.056125,True,False,21
-332.312008,89,6.120652,True,False,22
-365.698965,330,6.36009,True,False,23
128.911252,536,7.903505,True,False,24
-596.719118,358,8.160007,True,False,25
-242.256965,428,8.4858,True,False,26
-334.639545,307,8.704951,True,False,27
-397.036648,335,8.945899,True,False,28
-400.034559,166,9.981369,True,False,29
-436.200543,143,10.086292,True,False,30
-427.754055,262,10.279982,True,False,31
-307.544289,101,10.356521,True,False,32
-528.468943,217,10.51485,True,False,33
-440.25228,292,10.724446,True,False,34
-381.158956,122,10.811332,True,False,35
-317.488715,99,10.883725,True,False,36
-360.078967,327,11.122752,True,False,37
-502.995268,219,11.280292,True,False,38
-345.780563,235,12.340618,True,False,39
-489.745742,175,12.463645,True,False,40
-387.346799,339,12.702612,True,False,41
-386.022131,272,12.920659,True,False,42
-346.486124,278,13.11393,True,False,43
-390.556147,354,13.39003,True,False,44
-59.461992,444,13.714948,True,False,45
-371.694879,329,14.852432,True,False,46
-350.305169,167,14.970022,True,False,47
-417.206556,245,15.142399,True,False,48
-421.641674,285,15.343729,True,False,49
-243.358256,374,15.605565,True,False,50
-454.021775,195,15.743083,True,False,51
-250.462486,386,16.016715,True,False,52
-475.712071,226,16.175341,True,False,53
-67.418648,450,17.476075,True,False,54
-284.789871,362,17.737587,True,False,55
-62.129978,471,18.077587,True,False,56
-271.40341,351,18.336999,True,False,57
-366.258484,291,18.5468,True,False,58
-84.184258,435,19.786405,True,False,59
-453.668,210,19.941511,True,False,60
-351.590492,275,20.138532,True,False,61
-402.920072,248,20.31551,True,False,62
-355.685859,61,20.360669,True,False,63
-384.218304,158,20.476276,True,False,64
-214.736861,413,20.77131,True,False,65
-573.801487,173,20.895446,True,False,66
-185.464127,402,22.081183,True,False,67
-296.450887,328,22.329223,True,False,68
-314.523266,322,22.57765,True,False,69
-438.602282,168,22.699924,True,False,70
-464.39412,217,22.856094,True,False,71
-573.632027,192,22.992453,True,False,72
-291.193264,328,23.226904,True,False,73
-355.904407,276,23.427423,True,False,74
-142.871413,446,24.652884,True,False,75
-362.822612,334,24.927799,True,False,76
-290.260728,104,25.002174,True,False,77
-400.627215,274,25.195874,True,False,78
-769.275576,314,25.424499,True,False,79
-200.307701,397,25.704847,True,False,80
-431.895847,118,25.787549,True,False,81
-404.108407,185,26.818944,True,False,82
-1022.880492,494,27.167601,True,False,83
-133.877844,435,27.47471,True,False,84
-376.580273,389,27.749414,True,False,85
-368.254037,121,27.83737,True,False,86
-386.263882,126,27.929536,True,False,87
-674.212335,415,29.135743,True,False,88
-575.056518,174,29.258946,True,False,89
-165.037102,407,29.580648,True,False,90
-519.217212,236,29.755352,True,False,91
-472.544021,155,29.866715,True,False,92
-418.248101,113,29.947045,True,False,93
-390.450345,204,30.096759,True,False,94
-194.656279,387,30.392818,True,False,95
-157.156698,386,31.590167,True,False,96
-384.091867,296,31.823253,True,False,97
-17.871269,446,32.148364,True,False,98
-238.623801,378,32.418009,True,False,99
-400.346202,293,33.60633,True,False,100
-394.276327,300,33.838093,True,False,101
-408.227762,280,34.045524,True,False,102
-450.990912,174,35.120102,True,False,103
-460.86875,230,35.284847,True,False,104
-441.742464,184,35.420311,True,False,105
-480.423094,210,35.573187,True,False,106
-402.134497,213,35.72669,True,False,107
-136.245316,396,36.042103,True,False,108
-218.525046,352,36.293001,True,False,109
-300.230376,110,36.371448,True,False,110
-155.973395,387,37.590507,True,False,111
-318.797136,292,37.806714,True,False,112
-399.094359,153,37.918427,True,False,113
-321.431773,326,38.152383,True,False,114
-329.148133,160,38.270462,True,False,115
-419.2299,244,38.458556,True,False,116
-387.12533,159,38.572865,True,False,117
-371.254598,192,38.708534,True,False,118
-304.163858,328,39.834577,True,False,119
-361.319437,295,40.047205,True,False,120
-380.064565,139,40.146482,True,False,121
-358.794173,291,40.358436,True,False,122
-415.766225,168,40.479809,True,False,123
-317.85403,292,40.692768,True,False,124
-299.607352,351,40.94062,True,False,125
-329.870871,330,41.17231,True,False,126
-418.084599,231,42.263144,True,False,127
-396.504898,198,42.40683,True,False,128
-354.583814,328,42.642039,True,False,129
-310.866265,335,42.882955,True,False,130
-469.633164,222,43.054123,True,False,131
-223.122366,353,43.340123,True,False,132
-464.165791,152,43.45477,True,False,133
-414.26199,152,43.562854,True,False,134
-389.706768,129,43.65546,True,False,135
-298.431791,97,43.723378,True,False,136
-454.154409,245,44.799308,True,False,137
-98.366772,443,45.110268,True,False,138
-283.551576,334,45.347524,True,False,139
-152.685747,396,45.640634,True,False,140
-410.685106,137,45.739767,True,False,141
70.564975,473,46.080186,True,False,142
-350.541206,318,47.281396,True,False,143
-218.943882,386,47.562967,True,False,144
-460.567734,157,47.677737,True,False,145
-88.02578,433,47.990632,True,False,146
-121.46851,418,48.2977,True,False,147
-434.178951,275,48.497586,True,False,148
-336.019305,303,49.660162,True,False,149
-381.627377,281,49.861957,True,False,150
-394.273121,224,50.021756,True,False,151
-309.023722,348,50.264009,True,False,152
-197.633634,345,50.509976,True,False,153
-330.875884,261,50.697835,True,False,154
-255.549356,336,50.945225,True,False,155
-409.130375,205,51.98814,True,False,156
-356.092674,189,52.146832,True,False,157
-51.311074,435,52.474892,True,False,158
-322.380925,331,52.716927,True,False,159
-573.723477,206,52.868081,True,False,160
-345.403307,292,53.07853,True,False,161
-445.003501,160,53.196213,True,False,162
-360.371138,114,53.282437,True,False,163
-458.092299,162,53.403846,True,False,164
-418.720828,244,54.48018,True,False,165
-488.956157,271,54.679208,True,False,166
-382.64871,161,54.79617,True,False,167
-441.615922,136,54.895288,True,False,168
-310.967448,93,54.962963,True,False,169
-427.383678,213,55.116318,True,False,170
-266.610442,339,55.3679,True,False,171
-342.405351,116,55.45084,True,False,172
-420.431807,138,55.549612,True,False,173
-260.140028,353,55.804594,True,False,174
-282.292246,50,56.729098,True,False,175
-256.594193,331,56.968328,True,False,176
-376.150957,146,57.071684,True,False,177
-201.535385,380,57.341869,True,False,178
-213.403503,359,57.599948,True,False,179
-242.497772,338,57.840832,True,False,180
-342.787842,318,58.072827,True,False,181
-103.26013,422,59.297933,True,False,182
-293.596859,387,59.579936,True,False,183
-378.050455,286,59.78753,True,False,184
-375.262643,235,59.958679,True,False,185
-231.974879,343,60.203526,True,False,186
-317.384076,249,60.382208,True,False,187
-363.159496,223,60.542193,True,False,188
-468.535042,216,61.634894,True,False,189
-276.410254,327,61.86769,True,False,190
-317.055638,235,62.032119,True,False,191
-133.135749,391,62.309505,True,False,192
-301.660199,308,62.523812,True,False,193
-374.176439,244,62.697296,True,False,194
-80.468861,410,63.951124,True,False,195
965.03472,753,64.520417,True,False,196
-368.122399,211,64.674158,True,False,197
-97.441265,424,65.013022,True,False,198
-344.921917,266,65.228626,True,False,199
83.348525,507,69.078888,True,False,200
-444.54627,249,69.290776,True,False,201
-102.658882,419,69.602036,True,False,202
-70.794456,522,69.982888,True,False,203
-372.008059,296,70.195651,True,False,204
-286.244011,269,70.396619,True,False,205
-431.830937,127,70.487,True,False,206
-458.893942,248,71.561866,True,False,207
-348.850785,435,71.880039,True,False,208
-383.242489,199,72.027193,True,False,209
-386.277872,259,72.213409,True,False,210
-482.61211,231,72.380045,True,False,211
-333.37602,330,72.617773,True,False,212
-343.928109,121,72.704727,True,False,213
-357.175282,104,72.779686,True,False,214
-292.892101,333,73.958269,True,False,215
-389.245821,175,74.083303,True,False,216
-218.051782,348,74.341872,True,False,217
-367.552015,279,74.541714,True,False,218
-364.989315,172,74.694648,True,False,219
-414.655729,280,74.897386,True,False,220
-179.656009,380,75.167891,True,False,221
-361.943262,170,75.288325,True,False,222
-398.870318,156,76.330063,True,False,223
-363.408371,307,76.545788,True,False,224
-407.569754,320,76.77448,True,False,225
-355.773364,258,76.962298,True,False,226
-456.550832,190,77.098323,True,False,227
-358.867048,140,77.200249,True,False,228
-480.04711,337,77.439643,True,False,229
-387.258817,267,77.625581,True,False,230
-403.057699,140,78.651173,True,False,231
-338.120333,202,78.792684,True,False,232
-374.107647,239,78.964553,True,False,233
-133.644518,413,79.266744,True,False,234
-478.702412,157,79.385086,True,False,235
-456.239943,183,79.516786,True,False,236
-349.06557,281,79.717879,True,False,237
-370.398853,147,79.82323,True,False,238
-385.658618,144,79.926794,True,False,239
-288.301306,274,81.035082,True,False,240
-450.206467,177,81.167519,True,False,241
-475.682255,277,81.367135,True,False,242
-355.475938,320,81.594681,True,False,243
-441.112868,272,81.788098,True,False,244
-306.113002,259,81.974893,True,False,245
-189.198854,342,82.220935,True,False,246
-281.343724,318,82.487909,True,False,247
-373.233481,154,83.612055,True,False,248
1318.18867,820,84.20238,True,False,249
-354.383026,256,84.388994,True,False,250
-340.198741,284,84.592274,True,False,251
-373.463541,205,84.74186,True,False,252
-420.089178,324,84.974049,True,False,253
-198.290157,351,86.212911,True,False,254
-394.796869,141,86.336916,True,False,255
-413.579399,233,86.512309,True,False,256
-347.097175,234,86.679407,True,False,257
10.928071,463,87.040303,True,False,258
254.769421,548,87.422184,True,False,259
-618.337659,172,88.466202,True,False,260
-498.68164,160,88.587857,True,False,261
789.207222,708,89.101029,True,False,262
-269.363502,323,89.339783,True,False,263
-380.081053,270,89.535712,True,False,264
-303.772456,282,89.736384,True,False,265
-312.478878,106,89.812602,True,False,266
-342.794033,113,89.894571,True,False,267
-210.19015,386,91.066072,True,False,268
-263.551306,334,91.310105,True,False,269
-344.524828,190,91.449931,True,False,270
-308.911018,112,91.529732,True,False,271
-169.069823,352,91.793694,True,False,272
-204.162087,371,92.064751,True,False,273
-169.295702,383,93.241988,True,False,274
-55.202933,496,93.59519,True,False,275
-396.895068,279,93.792058,True,False,276
-445.246676,319,94.021245,True,False,277
-370.433872,369,94.320541,True,False,278
-382.643871,180,94.452626,True,False,279
-394.432622,273,94.649539,True,False,280
-230.981002,342,95.78006,True,False,281
-363.329199,144,95.881362,True,False,282
-305.076573,311,96.109867,True,False,283
-370.218115,245,96.28632,True,False,284
-415.220513,199,96.430149,True,False,285
-367.677628,178,96.557307,True,False,286
-255.815571,320,96.786222,True,False,287
-389.899474,329,97.0225,True,False,288
-195.226073,384,98.240237,True,False,289
-334.310433,285,98.449461,True,False,290
-370.382398,148,98.555062,True,False,291
-370.878327,96,98.626056,True,False,292
-506.797764,158,98.738289,True,False,293
-203.832184,389,99.038198,True,False,294
-401.334078,166,99.157,True,False,295
-289.162902,346,99.41343,True,False,296
-425.619475,152,99.523432,True,False,297
-356.609047,107,100.543836,True,False,298
-414.890505,270,100.731763,True,False,299
-363.402673,199,101.297405,True,False,300
-426.296369,191,101.442359,True,False,301
-348.562694,137,101.544087,True,False,302
-415.901532,153,101.655259,True,False,303
-365.392906,111,101.736243,True,False,304
-376.602775,165,101.853958,True,False,305
-397.296451,181,101.983133,True,False,306
-227.314181,355,102.236547,True,False,307
-518.66428,183,102.364431,True,False,308
-152.411037,381,103.534841,True,False,309
-412.667856,257,103.714262,True,False,310
296.611179,602,104.138342,True,False,311
-179.941076,446,104.460941,True,False,312
-432.540588,207,104.608082,True,False,313
-447.08219,321,105.735164,True,False,314
-343.59389,320,105.961831,True,False,315
-355.731313,99,106.031093,True,False,316
-440.790045,114,106.113017,True,False,317
-452.156441,227,106.275687,True,False,318
-383.066557,164,106.397499,True,False,319
-407.807512,261,106.579887,True,False,320
-450.055086,158,106.692354,True,False,321
-37.844071,412,106.983216,True,False,322
-458.103108,211,108.035224,True,False,323
-385.905864,227,108.198782,True,False,324
-338.518231,120,108.287081,True,False,325
-309.135961,339,108.532906,True,False,326
-331.116625,355,108.780745,True,False,327
33.919859,436,109.093249,True,False,328
-385.35375,138,109.19236,True,False,329
-336.741342,99,109.263584,True,False,330
-354.874578,126,109.359935,True,False,331
-365.714054,111,109.441047,True,False,332
-298.837065,306,110.596605,True,False,333
-296.274429,358,110.859651,True,False,334
-543.789848,253,111.046815,True,False,335
-421.872863,340,111.312807,True,False,336
287.328218,602,111.744356,True,False,337
-322.40713,290,112.994561,True,False,338
1081.439847,808,113.584374,True,False,339
36.46247,467,113.916522,True,False,340
-427.402618,173,114.038339,True,False,341
-427.727721,166,114.159418,True,False,342
-65.015641,494,115.446749,True,False,343
-410.970822,427,115.74601,True,False,344
-376.933204,156,115.857965,True,False,345
-325.126668,110,115.93989,True,False,346
-371.92715,196,116.081169,True,False,347
-358.894875,133,116.177163,True,False,348
-120.693097,394,116.45454,True,False,349
-290.427988,272,116.647646,True,False,350
-208.172211,350,117.77681,True,False,351
-407.097639,157,117.887434,True,False,352
-122.996381,416,118.183299,True,False,353
-462.826069,203,118.337145,True,False,354
-430.236005,300,118.549271,True,False,355
-207.643144,362,118.801818,True,False,356
-229.361293,374,119.10871,True,False,357
-311.698468,143,120.11453,True,False,358
-331.457737,108,120.19214,True,False,359
-324.272546,87,120.255053,True,False,360
-490.261939,235,120.422485,True,False,361
-338.724227,233,120.591551,True,False,362
524.652985,623,121.047754,True,False,363
-465.144649,200,121.190882,True,False,364
1194.251736,778,122.662467,True,False,365
-424.06219,155,122.775923,True,False,366
-375.302879,196,122.917578,True,False,367
-337.320086,257,123.100769,True,False,368
-413.730358,175,123.227165,True,False,369
-364.056949,130,123.323123,True,False,370
-417.780196,176,123.450623,True,False,371
-403.667533,172,123.572748,True,False,372
-443.63611,216,123.723539,True,False,373
-411.96815,187,123.854135,True,False,374
-428.190318,189,124.910387,True,False,375
-339.644427,277,125.105879,True,False,376
-316.393012,135,125.203521,True,False,377
-351.187921,240,125.372056,True,False,378
-259.575062,348,125.614014,True,False,379
-361.742374,203,125.756926,True,False,380
-400.587655,299,125.96759,True,False,381
-415.535235,222,126.125652,True,False,382
99.639793,546,127.531571,True,False,383
-585.2097,221,127.693551,True,False,384
-612.840423,358,127.956797,True,False,385
-356.606143,99,128.030041,True,False,386
-336.951858,480,128.389914,True,False,387
-487.124083,288,128.599059,True,False,388
-407.702075,206,128.751109,True,False,389
-340.145549,122,129.733537,True,False,390
-373.239531,146,129.841613,True,False,391
-535.818696,271,130.039701,True,False,392
-458.046214,401,130.331651,True,False,393
-137.342132,487,130.682909,True,False,394
-91.792226,490,131.036065,True,False,395
-130.235118,422,132.230684,True,False,396
-362.870323,162,132.346838,True,False,397
-495.011667,186,132.479955,True,False,398
-332.777989,131,132.573028,True,False,399
-361.270346,66,132.755774,True,False,400
-388.700722,266,132.947152,True,False,401
-452.896547,151,133.056714,True,False,402
-130.623024,420,133.396012,True,False,403
-413.945103,150,133.504374,True,False,404
-344.944211,116,133.58678,True,False,405
-342.578866,108,133.6635,True,False,406
-91.450269,611,135.000433,True,False,407
-258.168802,370,135.268304,True,False,408
-303.946872,414,135.568296,True,False,409
-416.754278,300,135.78316,True,False,410
-411.603006,273,135.981251,True,False,411
-310.10807,183,136.113345,True,False,412
-370.840166,182,137.155982,True,False,413
-474.557928,206,137.305196,True,False,414
-347.646102,159,137.417409,True,False,415
-411.920796,405,137.69938,True,False,416
-365.853051,185,137.830091,True,False,417
-350.544422,400,138.111837,True,False,418
-327.012722,337,138.358895,True,False,419
-363.765238,232,139.446608,True,False,420
-415.747853,211,139.59851,True,False,421
-279.27736,371,139.865398,True,False,422
-638.953166,314,140.08843,True,False,423
-288.764281,314,140.311898,True,False,424
-331.559939,93,140.377406,True,False,425
-418.295755,133,140.469997,True,False,426
-302.166942,133,140.563441,True,False,427
-571.915825,331,140.797282,True,False,428
-146.089222,550,142.093478,True,False,429
-464.143548,287,142.302075,True,False,430
-459.68109,248,142.484644,True,False,431
-267.407454,458,142.812851,True,False,432
-894.920696,457,143.139386,True,False,433
-784.095324,386,144.326063,True,False,434
-689.893754,424,144.630965,True,False,435
-444.208524,181,144.760597,True,False,436
-320.794051,104,144.836047,True,False,437
-492.077554,305,145.053365,True,False,438
-324.527085,113,145.132338,True,False,439
-408.999228,374,145.404632,True,False,440
-380.205088,267,145.592848,True,False,441
-329.067123,453,146.795243,True,False,442
-1162.714354,359,147.048857,True,False,443
-1081.760619,215,147.226651,True,False,444
-345.703118,368,147.496969,True,False,445
-180.095758,381,147.77511,True,False,446
-346.035742,229,147.94235,True,False,447
-383.458227,135,148.956995,True,False,448
-377.734619,151,149.065754,True,False,449
-531.660207,232,149.232944,True,False,450
-166.460501,390,149.518577,True,False,451
-265.860369,67,149.567112,True,False,452
-450.211062,377,149.835794,True,False,453
-508.037819,301,150.054363,True,False,454
-773.428974,194,150.192434,True,False,455
-279.291375,433,151.430195,True,False,456
-174.405011,393,151.712703,True,False,457
-336.571773,274,151.908394,True,False,458
-719.417652,542,152.295993,True,False,459
-434.662871,219,152.453713,True,False,460
-356.488021,142,152.554651,True,False,461
-205.980382,476,153.836938,True,False,462
252.130789,577,154.261519,True,False,463
-463.900486,265,154.504406,True,False,464
1116.370963,821,155.175589,True,False,465
-471.430697,275,156.32059,True,False,466
-372.571223,102,156.396277,True,False,467
-26.296263,534,156.783331,True,False,468
-448.825472,201,156.930032,True,False,469
-347.296006,81,156.989946,True,False,470
-396.372725,188,157.128269,True,False,471
-302.864039,77,157.184314,True,False,472
-95.378397,495,157.550815,True,False,473
-741.370214,349,158.728748,True,False,474
-245.531186,452,159.052248,True,False,475
-381.089038,287,159.26401,True,False,476
-729.731315,185,159.399442,True,False,477
-346.60037,110,159.479115,True,False,478
-137.797964,393,159.811506,True,False,479
-445.417757,324,160.058478,True,False,480
-639.111164,362,161.232641,True,False,481
-320.380002,367,161.497812,True,False,482
-428.125604,149,161.607208,True,False,483
-348.627786,337,161.864857,True,False,484
-389.218794,187,161.997245,True,False,485
-423.470148,208,162.147996,True,False,486
-47.854534,511,162.513575,True,False,487
-429.41551,181,162.655865,True,False,488
-378.925689,292,163.804243,True,False,489
844.502302,759,164.373678,True,False,490
-369.654153,108,164.450833,True,False,491
-315.741291,94,164.519358,True,False,492
-492.050174,392,164.792906,True,False,493
-232.728583,425,165.123625,True,False,494
-437.333959,222,166.238111,True,False,495
-385.919008,302,166.460015,True,False,496
-355.294867,424,166.756011,True,False,497
-404.55328,225,166.917339,True,False,498
-486.254889,214,167.066988,True,False,499
-88.905707,530,169.723466,True,False,500
-801.559549,517,171.041183,True,False,501
-511.191529,214,171.202007,True,False,502
-460.315988,220,171.364797,True,False,503
-132.599804,553,171.794558,True,False,504
-409.565832,137,171.8921,True,False,505
-416.948982,179,172.020631,True,False,506
-321.193165,75,172.074971,True,False,507
-484.939585,169,172.19788,True,False,508
-247.457536,414,173.457447,True,False,509
-445.439242,359,173.719682,True,False,510
-385.354679,253,173.927366,True,False,511
-758.165229,239,174.099393,True,False,512
-362.957703,224,174.261836,True,False,513
-659.258818,284,174.466971,True,False,514
-422.828604,372,174.734841,True,False,515
-493.193869,139,175.744286,True,False,516
-360.216932,103,175.818316,True,False,517
-805.662749,592,176.242102,True,False,518
-357.710092,77,176.298946,True,False,519
-266.357004,340,176.539682,True,False,520
-329.492323,511,176.907009,True,False,521
-597.072339,377,178.089676,True,False,522
-221.223405,474,178.45062,True,False,523
-416.743341,267,178.643099,True,False,524
-373.269781,181,178.771459,True,False,525
-424.667094,165,178.886143,True,False,526
33.629201,517,179.249129,True,False,527
-296.285447,347,179.496643,True,False,528
-445.259754,524,180.760184,True,False,529
-404.394374,115,180.844187,True,False,530
-455.557234,165,180.962895,True,False,531
-372.623518,357,181.214846,True,False,532
401.234983,694,181.712598,True,False,533
-48.154895,437,182.931336,True,False,534
-476.459679,422,183.230109,True,False,535
-316.924469,341,183.475224,True,False,536
-408.17616,370,183.734653,True,False,537
-37.497003,471,184.074776,True,False,538
-236.320831,344,185.24728,True,False,539
-337.129642,147,185.351529,True,False,540
-336.750345,336,185.59439,True,False,541
-276.309029,79,185.650512,True,False,542
-565.992788,247,185.827988,True,False,543
-337.520068,366,186.090329,True,False,544
-581.216362,364,186.353704,True,False,545
-270.378512,388,186.635563,True,False,546
-622.179983,264,187.770458,True,False,547
-706.481917,224,187.936127,True,False,548
-642.976943,248,188.122695,True,False,549
-226.837795,397,188.419829,True,False,550
-423.164767,183,188.552023,True,False,551
-335.721083,172,188.676793,True,False,552
-439.715425,291,188.884223,True,False,553
-467.346178,265,189.076156,True,False,554
-445.677034,155,190.113215,True,False,555
-577.512795,270,190.309377,True,False,556
-177.343633,434,190.624371,True,False,557
-174.475328,452,190.950264,True,False,558
29.514708,502,191.343668,True,False,559
-1278.063348,306,192.471543,True,False,560
-644.421322,134,192.56689,True,False,561
-205.016217,416,192.85973,True,False,562
-341.723139,283,193.090878,True,False,563
-249.192363,361,193.355531,True,False,564
-190.070346,395,193.637404,True,False,565
-382.718697,282,193.836273,True,False,566
-410.934837,253,194.904917,True,False,567
-274.532822,407,195.188184,True,False,568
-163.716708,405,195.477328,True,False,569
-221.38353,451,195.79295,True,False,570
50.64475,536,196.171717,True,False,571
-260.89541,460,197.398214,True,False,572
-473.401845,196,197.54049,True,False,573
-355.185699,240,197.714617,True,False,574
-254.990907,433,198.02141,True,False,575
-195.827465,380,198.318891,True,False,576
-420.831393,324,198.546023,True,False,577
-322.62148,352,199.720338,True,False,578
-110.122028,417,200.020738,True,False,579
-167.627291,412,200.30867,True,False,580
-584.285407,113,200.387905,True,False,581
-412.61877,374,200.652055,True,False,582
-388.309233,403,200.933255,True,False,583
-338.612115,446,202.182486,True,False,584
140.684942,534,202.5841,True,False,585
-347.31782,342,202.830683,True,False,586
-361.901966,386,203.104987,True,False,587
-403.841868,437,203.422607,True,False,588
-336.954494,92,204.412155,True,False,589
30.009381,590,204.834373,True,False,590
-749.697583,155,204.946046,True,False,591
-423.22102,362,205.204775,True,False,592
-450.132761,281,205.410665,True,False,593
-727.702901,299,205.62023,True,False,594
-316.429718,363,206.760123,True,False,595
-324.479516,392,207.038561,True,False,596
-320.223507,404,207.322831,True,False,597
-467.611896,204,207.468364,True,False,598
-520.781089,220,207.625514,True,False,599
-570.846229,219,208.334591,True,False,600
-182.471289,441,208.67762,True,False,601
-601.469418,306,209.811981,True,False,602
-269.109162,400,210.100893,True,False,603
-523.770079,409,210.389444,True,False,604
-282.532575,97,210.45994,True,False,605
-296.690898,492,210.804415,True,False,606
-429.080212,299,211.016227,True,False,607
-317.56225,385,212.217953,True,False,608
-482.891769,266,212.404627,True,False,609
71.870445,491,212.747057,True,False,610
-550.84804,212,212.914081,True,False,611
-505.300022,330,213.166189,True,False,612
-301.235216,450,213.514266,True,False,613
-12.758547,556,214.824007,True,False,614
-327.987991,416,215.124626,True,False,615
-508.364679,183,215.256685,True,False,616
-332.64301,95,215.325232,True,False,617
-396.074356,145,215.428206,True,False,618
-479.130089,249,215.604037,True,False,619
-360.89507,418,215.902268,True,False,620
-520.43842,162,216.926682,True,False,621
-368.909029,300,217.142628,True,False,622
-305.399654,362,217.421712,True,False,623
-246.538569,415,217.717895,True,False,624
-334.339494,336,217.957513,True,False,625
-265.224473,385,218.2334,True,False,626
-122.003938,461,219.453532,True,False,627
-14.029697,519,219.824961,True,False,628
-374.621714,287,220.031374,True,False,629
-408.946089,257,220.213959,True,False,630
-532.863574,375,220.490482,True,False,631
-412.972816,304,221.636702,True,False,632
-406.886761,151,221.744064,True,False,633
-304.051383,369,222.01121,True,False,634
-431.322804,258,222.198939,True,False,635
-189.035694,375,222.466319,True,False,636
-317.412394,356,222.724569,True,False,637
-404.210502,291,222.973499,True,False,638
-490.412914,237,224.084008,True,False,639
-498.874306,276,224.302316,True,False,640
-415.342104,185,224.437828,True,False,641
-628.117377,450,224.788272,True,False,642
-231.466415,364,225.048178,True,False,643
-375.826016,321,225.272762,True,False,644
-421.998316,341,225.514893,True,False,645
-202.944937,361,226.672775,True,False,646
-616.727515,243,226.848864,True,False,647
-288.525062,338,227.103675,True,False,648
-173.262896,371,227.398879,True,False,649
-239.571318,368,227.657385,True,False,650
-295.898483,563,229.029211,True,False,651
-446.322558,193,229.171554,True,False,652
-397.880253,195,229.313915,True,False,653
-376.245511,298,229.53294,True,False,654
-384.419403,295,229.743752,True,False,655
-236.146769,403,230.030844,True,False,656
-401.356747,160,230.144217,True,False,657
-446.358918,257,230.326496,True,False,658
-328.999769,339,231.470069,True,False,659
-228.818017,339,231.712608,True,False,660
-320.805108,108,231.79,True,False,661
-364.887056,273,231.988294,True,False,662
-275.38939,351,232.239947,True,False,663
-281.099948,427,232.557536,True,False,664
-464.342655,330,232.794404,True,False,665
-331.613272,316,233.966108,True,False,666
-467.392411,320,234.201569,True,False,667
-411.273479,105,234.280152,True,False,668
-407.223313,203,234.426595,True,False,669
-369.871685,107,234.503514,True,False,670
-428.384753,125,234.592785,True,False,671
-411.006344,208,234.74167,True,False,672
-382.806827,177,234.869413,True,False,673
-349.196419,272,235.063055,True,False,674
-872.189556,231,235.227694,True,False,675
-450.33792,144,236.24936,True,False,676
-818.335087,357,236.508111,True,False,677
-368.423566,290,236.717716,True,False,678
-469.763293,252,236.899402,True,False,679
-450.664158,235,237.06597,True,False,680
-358.345095,300,237.281357,True,False,681
-303.109268,329,237.514143,True,False,682
-330.230186,282,238.646881,True,False,683
-335.17089,317,238.877402,True,False,684
-914.545573,497,239.233617,True,False,685
-656.677901,179,239.383316,True,False,686
-460.979919,387,239.65786,True,False,687
-188.117715,377,239.921289,True,False,688
-1065.093943,362,241.065686,True,False,689
-611.781623,204,241.212848,True,False,690
-546.630287,328,241.450947,True,False,691
-457.612715,221,241.604994,True,False,692
-395.721425,149,241.709658,True,False,693
-513.162059,308,241.928985,True,False,694
-162.482839,393,242.204291,True,False,695
-554.113135,246,243.271436,True,False,696
-522.479469,226,243.429765,True,False,697
-371.19276,286,243.635711,True,False,698
-284.827037,87,243.696966,True,False,699
-453.259438,278,244.620435,True,False,700
-261.598084,356,244.923872,True,False,701
-238.730321,381,245.201875,True,False,702
-522.826351,190,245.339721,True,False,703
-397.527149,88,245.403333,True,False,704
-229.601328,411,246.636538,True,False,705
-704.162066,241,246.813875,True,False,706
-476.978388,287,247.051077,True,False,707
-398.20539,169,247.175347,True,False,708
-528.365851,277,247.385334,True,False,709
-525.850801,191,247.528733,True,False,710
-444.448303,289,247.735744,True,False,711
-454.834119,140,247.836403,True,False,712
-602.856155,213,248.902064,True,False,713
-262.038653,342,249.141224,True,False,714
-494.898482,230,249.309893,True,False,715
-371.783039,316,249.530596,True,False,716
-402.144138,205,249.675298,True,False,717
-392.788698,174,249.801103,True,False,718
-723.527662,375,250.069996,True,False,719
-370.755991,125,250.158887,True,False,720
-486.771798,342,251.331723,True,False,721
-493.674464,171,251.453098,True,False,722
-234.233403,419,251.749832,True,False,723
-572.361016,204,251.894189,True,False,724
-109.342884,430,252.1983,True,False,725
-1363.142989,384,252.467192,True,False,726
-462.078972,186,252.597057,True,False,727
-418.535084,107,252.673786,True,False,728
-492.235264,231,253.741419,True,False,729
-367.206831,345,253.992213,True,False,730
-444.101399,380,254.265862,True,False,731
-469.309989,157,254.379732,True,False,732
-318.759378,360,254.635567,True,False,733
-298.960188,354,254.884113,True,False,734
-492.132138,282,255.980224,True,False,735
-395.962097,147,256.084159,True,False,736
-497.659982,204,256.230498,True,False,737
-479.711119,376,256.502662,True,False,738
-395.147977,141,256.602181,True,False,739
-110.78905,410,256.894758,True,False,740
-477.647839,229,257.053986,True,False,741
-341.702786,367,257.311252,True,False,742
-786.888017,352,258.503411,True,False,743
-346.177448,99,258.57518,True,False,744
-393.018973,436,258.881178,True,False,745
-372.088741,128,258.973522,True,False,746
-77.839559,431,259.288282,True,False,747
-551.613214,207,259.443755,True,False,748
-473.896613,138,259.542816,True,False,749
-225.431551,372,259.809951,True,False,750
-358.960075,106,260.768492,True,False,751
-347.132327,115,260.851268,True,False,752
-568.764098,455,261.172621,True,False,753
-389.05573,159,261.286922,True,False,754
-416.334199,241,261.460937,True,False,755
-529.02428,291,261.668948,True,False,756
-309.208035,336,261.910259,True,False,757
-374.221914,129,262.00359,True,False,758
-859.964984,266,262.210096,True,False,759
-358.27818,330,263.37425,True,False,760
-317.528356,384,263.647462,True,False,761
-435.043343,135,263.746983,True,False,762
-531.446063,234,263.914905,True,False,763
-410.09974,133,264.009598,True,False,764
-373.810003,373,264.283941,True,False,765
-496.139312,249,264.469125,True,False,766
-397.995793,319,265.618363,True,False,767
-495.007278,263,265.806994,True,False,768
-242.79608,357,266.064629,True,False,769
-428.172722,215,266.219201,True,False,770
-350.027725,110,266.298247,True,False,771
-408.804513,152,266.407198,True,False,772
-532.671726,271,266.602725,True,False,773
-499.599754,205,266.751335,True,False,774
-491.350097,220,266.91235,True,False,775
-340.152535,358,268.076802,True,False,776
-492.686467,284,268.291635,True,False,777
-319.941649,363,268.57439,True,False,778
-400.538655,230,268.759366,True,False,779
-406.947096,131,268.851737,True,False,780
-371.080575,132,268.946944,True,False,781
-377.084603,140,269.04436,True,False,782
-483.807638,213,269.206689,True,False,783
-375.664303,103,269.281523,True,False,784
-309.035302,76,269.337531,True,False,785
-406.165122,107,269.416156,True,False,786
-402.100984,161,270.431816,True,False,787
-488.876752,164,270.548158,True,False,788
-319.600923,435,270.857078,True,False,789
-404.665275,295,271.065478,True,False,790
-438.80322,319,271.291704,True,False,791
-371.64672,118,271.380362,True,False,792
-499.691659,363,271.638467,True,False,793
-436.274746,319,272.753539,True,False,794
-528.076399,268,272.968451,True,False,795
-469.525038,299,273.185688,True,False,796
-519.130661,349,273.473244,True,False,797
-516.268565,263,273.66158,True,False,798
-485.127998,383,273.931578,True,False,799
-426.533526,298,275.089611,True,False,800
-219.784068,450,276.408454,True,False,801
-550.545265,184,276.545047,True,False,802
-662.569107,191,276.685097,True,False,803
-296.516793,364,276.950892,True,False,804
-437.975989,183,277.085506,True,False,805
-360.103182,369,277.354416,True,False,806
-500.359736,230,277.526373,True,False,807
-467.837565,282,278.667155,True,False,808
-592.198729,222,278.855707,True,False,809
-340.218725,273,279.046098,True,False,810
-229.80801,393,279.335907,True,False,811
-476.087246,270,279.531698,True,False,812
-607.709341,335,279.770327,True,False,813
-491.276254,232,279.937128,True,False,814
-457.307327,180,280.068362,True,False,815
-411.294197,124,281.062099,True,False,816
-502.744766,336,281.300632,True,False,817
-657.847866,394,281.576741,True,False,818
-550.31029,205,281.721653,True,False,819
-724.394886,266,281.911677,True,False,820
-443.628851,129,282.001207,True,False,821
-408.276319,151,282.107195,True,False,822
-453.330032,156,282.216235,True,False,823
-460.022708,321,282.445879,True,False,824
-432.775765,112,283.434512,True,False,825
-400.527723,131,283.53011,True,False,826
-357.691457,359,283.781206,True,False,827
-523.241714,233,283.943997,True,False,828
-413.153445,153,284.051401,True,False,829
-375.363477,222,284.209552,True,False,830
-483.679751,117,284.3174,True,False,831
-433.908963,241,284.491365,True,False,832
-456.888264,155,284.601413,True,False,833
-539.852821,175,284.733612,True,False,834
-484.894002,165,284.851513,True,False,835
-470.698815,411,286.079794,True,False,836
-277.911268,416,286.398962,True,False,837
-399.506604,218,286.557704,True,False,838
-391.438446,326,286.787391,True,False,839
-407.377596,179,286.912162,True,False,840
-593.517668,386,287.186153,True,False,841
-588.100981,337,288.355868,True,False,842
-482.119291,304,288.569696,True,False,843
-348.982012,335,288.808907,True,False,844
-321.233388,361,289.067761,True,False,845
-564.242207,184,289.199328,True,False,846
-687.665231,286,289.413421,True,False,847
-488.523377,155,289.526451,True,False,848
-257.589807,444,290.771167,True,False,849
-718.234537,318,290.994424,True,False,850
-487.443998,239,291.165979,True,False,851
-427.110845,417,291.466537,True,False,852
-485.196123,215,291.62106,True,False,853
-471.677444,166,291.740788,True,False,854
-553.953646,209,291.890653,True,False,855
-500.804594,365,293.111262,True,False,856
-318.152766,73,293.163896,True,False,857
-419.561346,147,293.271411,True,False,858
-520.64581,279,293.474268,True,False,859
-616.358175,218,293.629322,True,False,860
-369.938946,384,293.901537,True,False,861
-437.685542,408,294.192428,True,False,862
-599.978621,218,294.350012,True,False,863
-391.409478,323,295.497842,True,False,864
-415.494897,188,295.633378,True,False,865
-466.97163,178,295.764083,True,False,866
-455.963569,247,295.940356,True,False,867
-637.552891,205,296.090267,True,False,868
-583.091428,260,296.276819,True,False,869
-439.066018,185,296.410277,True,False,870
-543.941328,224,296.570123,True,False,871
-476.773777,282,296.771514,True,False,872
-508.774063,313,297.919419,True,False,873
-785.139695,348,298.173785,True,False,874
-405.127649,366,298.449547,True,False,875
-479.244644,141,298.550292,True,False,876
-517.745298,146,298.658308,True,False,877
-432.383757,390,298.93508,True,False,878
-464.384632,137,299.032384,True,False,879
-478.755454,177,299.193212,True,False,880
-705.711342,284,300.298137,True,False,881
-701.478772,390,300.580999,True,False,882
-649.997808,193,300.718384,True,False,883
-474.19632,174,300.842263,True,False,884
-449.459345,139,300.943282,True,False,885
-478.544181,294,301.153688,True,False,886
-460.961658,211,301.304136,True,False,887
-787.716785,255,301.515643,True,False,888
-462.228959,181,301.644986,True,False,889
-449.688934,281,302.755461,True,False,890
-568.456154,229,302.91579,True,False,891
-516.575002,225,303.072744,True,False,892
-561.49755,354,303.329033,True,False,893
-391.678373,387,303.605537,True,False,894
-355.414487,300,303.816587,True,False,895
-236.31539,507,305.156009,True,False,896
-289.477337,485,305.495097,True,False,897
-438.439906,189,305.63177,True,False,898
-319.108722,370,305.890273,True,False,899
-507.078174,273,307.00987,True,False,900
-404.355313,332,307.3507,True,False,901
-497.013372,208,307.519136,True,False,902
-357.444045,377,308.928742,True,False,903
-444.523562,119,309.016013,True,False,904
-423.644738,169,309.140238,True,False,905
-355.629174,310,309.367921,True,False,906
-592.516661,284,309.574078,True,False,907
-568.269745,181,309.707169,True,False,908
-476.908077,406,310.003128,True,False,909
-616.693484,275,310.199806,True,False,910
-478.96871,167,311.225047,True,False,911
-323.091104,455,311.580759,True,False,912
-595.353925,238,311.751431,True,False,913
-209.5671,411,312.060974,True,False,914
-389.042463,184,312.189415,True,False,915
-520.605508,402,312.471223,True,False,916
-429.631495,171,312.595001,True,False,917
-449.699165,174,313.63893,True,False,918
-405.028422,283,313.844407,True,False,919
-413.763222,213,314.024647,True,False,920
-400.049109,134,314.118382,True,False,921
-497.1683,198,314.259756,True,False,922
-611.974185,374,314.525919,True,False,923
-346.120326,87,314.587058,True,False,924
-545.274334,268,314.77613,True,False,925
-483.221398,260,314.961976,True,False,926
-393.762086,246,316.071943,True,False,927
-217.677031,460,316.405932,True,False,928
-393.592258,95,316.475975,True,False,929
-635.366476,255,316.658521,True,False,930
-466.491109,171,316.781025,True,False,931
-512.419786,167,316.898052,True,False,932
-494.874893,228,317.058674,True,False,933
-568.523909,249,317.234903,True,False,934
-367.38004,87,317.297743,True,False,935
-466.464166,228,318.39571,True,False,936
-545.343618,184,318.529032,True,False,937
-608.882839,198,318.684906,True,False,938
-458.687406,337,318.966894,True,False,939
-280.242716,422,319.275901,True,False,940
-495.153658,171,319.402182,True,False,941
-551.665971,292,319.616131,True,False,942
35.808475,632,320.953296,True,False,943
-465.232019,155,321.062212,True,False,944
-409.621245,137,321.160178,True,False,945
-610.399108,199,321.30362,True,False,946
-361.89022,116,321.386639,True,False,947
-378.034195,116,321.470033,True,False,948
-405.11399,254,321.651119,True,False,949
-567.500936,315,321.878396,True,False,950
-442.294789,223,322.03872,True,False,951
-503.343275,361,323.202249,True,False,952
-535.845636,252,323.384037,True,False,953
-504.782982,228,323.545961,True,False,954
-477.578826,175,323.67073,True,False,955
-516.420273,298,323.880056,True,False,956
-324.124111,119,323.963494,True,False,957
-371.933805,145,324.064994,True,False,958
-523.038499,238,324.237139,True,False,959
-505.811897,249,324.418879,True,False,960
-348.81559,115,324.5012,True,False,961
-405.378479,361,325.739483,True,False,962
-375.152513,403,326.032927,True,False,963
-415.565292,109,326.126131,True,False,964
-375.426937,121,326.211824,True,False,965
-545.232565,233,326.377115,True,False,966
-492.22353,161,326.494331,True,False,967
-259.319869,467,326.820526,True,False,968
-414.147211,420,328.078913,True,False,969
-508.329053,252,328.267889,True,False,970
-571.16584,246,328.453747,True,False,971
-523.671677,222,328.609534,True,False,972
-366.894195,97,328.678396,True,False,973
-396.92912,162,328.795308,True,False,974
-447.944113,181,328.922379,True,False,975
-622.044288,214,329.072421,True,False,976
-416.775757,134,329.166841,True,False,977
-517.522371,293,329.394578,True,False,978
-807.453954,398,330.573246,True,False,979
-542.481996,228,330.73322,True,False,980
-324.952166,434,331.038523,True,False,981
-456.249251,193,331.176987,True,False,982
-445.578147,152,331.283194,True,False,983
-580.222318,349,331.535127,True,False,984
-510.178754,261,331.720272,True,False,985
-401.720864,184,331.849258,True,False,986
-475.477633,179,332.86085,True,False,987
-427.28335,239,333.032363,True,False,988
-378.666289,366,333.296953,True,False,989
-748.266691,285,333.524175,True,False,990
-466.605656,342,333.791046,True,False,991
-400.34478,150,333.89702,True,False,992
-393.272156,131,333.992485,True,False,993
-469.01246,177,334.121511,True,False,994
-464.06698,257,335.227096,True,False,995
-422.244911,188,335.359282,True,False,996
-635.655724,260,335.541604,True,False,997
-375.682333,361,335.797628,True,False,998
-437.219927,159,335.909142,True,False,999
-542.515301,371,337.562505,True,False,1000
-481.881117,218,337.791906,True,False,1001
-405.013175,170,337.924745,True,False,1002
-327.638631,71,337.976154,True,False,1003
-396.836426,336,339.156328,True,False,1004
-303.251976,412,339.460452,True,False,1005
-652.364425,284,339.667749,True,False,1006
-413.049676,475,340.015411,True,False,1007
-558.361952,250,340.194551,True,False,1008
-352.988987,442,340.516864,True,False,1009
-465.077857,375,341.714835,True,False,1010
-408.956674,151,341.82418,True,False,1011
-561.41971,288,342.094646,True,False,1012
-411.297561,181,342.227108,True,False,1013
187.099,606,342.659895,True,False,1014
-360.860774,88,342.724593,True,False,1015
-456.158643,167,342.845101,True,False,1016
-459.110084,343,344.037035,True,False,1017
-329.315285,87,344.099511,True,False,1018
-559.054605,289,344.311495,True,False,1019
-468.898131,197,344.455481,True,False,1020
-611.297088,373,344.724105,True,False,1021
-457.606586,161,344.841674,True,False,1022
-537.537685,275,345.040572,True,False,1023
-533.764336,271,345.232971,True,False,1024
-408.625907,160,345.346437,True,False,1025
-483.049178,225,346.409462,True,False,1026
-905.066596,437,346.729174,True,False,1027
-564.152593,384,346.999369,True,False,1028
-430.507182,189,347.131104,True,False,1029
-458.426671,429,347.435195,True,False,1030
-530.101243,340,347.673347,True,False,1031
-421.115233,156,347.7833,True,False,1032
-506.159482,163,348.823739,True,False,1033
-421.998699,154,348.936021,True,False,1034
-438.574667,127,349.029629,True,False,1035
-458.392329,154,349.142206,True,False,1036
-427.416598,459,349.486753,True,False,1037
-394.9529,107,349.59967,True,False,1038
-383.997589,104,349.712503,True,False,1039
-437.196739,163,349.837962,True,False,1040
-810.079961,423,350.141254,True,False,1041
-405.782282,145,350.246412,True,False,1042
-416.709545,189,351.321621,True,False,1043
-412.598185,168,351.457016,True,False,1044
-655.04913,323,351.690543,True,False,1045
-509.536684,295,351.903213,True,False,1046
-471.600402,438,352.219619,True,False,1047
-620.128277,284,352.427063,True,False,1048
-587.501012,198,352.570911,True,False,1049
-375.341883,130,352.665429,True,False,1050
-386.826111,141,353.690613,True,False,1051
-406.960782,391,353.975924,True,False,1052
-420.952191,160,354.091412,True,False,1053
-523.438271,135,354.189697,True,False,1054
-192.687248,542,354.599565,True,False,1055
136.933921,620,355.089599,True,False,1056
-524.265861,217,356.173191,True,False,1057
-413.37252,208,356.319821,True,False,1058
-554.660454,262,356.503544,True,False,1059
-384.142003,123,356.590494,True,False,1060
-384.118519,127,356.683133,True,False,1061
-401.836899,175,356.806356,True,False,1062
-43.320908,570,357.205821,True,False,1063
-296.873344,388,357.477768,True,False,1064
-553.407637,247,358.580272,True,False,1065
-132.451734,511,358.947125,True,False,1066
-539.007476,361,359.206009,True,False,1067
-1340.401649,396,359.511199,True,False,1068
-422.721659,394,359.789339,True,False,1069
-630.490348,169,359.908202,True,False,1070
-471.125156,126,360.885561,True,False,1071
-411.935791,131,360.981897,True,False,1072
-501.176301,378,361.254436,True,False,1073
-422.230075,166,361.375559,True,False,1074
-446.011039,358,361.638448,True,False,1075
-473.258876,172,361.792251,True,False,1076
-313.790906,439,362.10386,True,False,1077
-481.367749,292,362.306613,True,False,1078
-447.198842,186,363.338191,True,False,1079
-327.441238,72,363.388933,True,False,1080
357.676174,657,363.851958,True,False,1081
-545.317943,276,364.050286,True,False,1082
-357.453383,423,364.356933,True,False,1083
