#{"t_start": 1749136034.8916173, "env_id": "None"}
r,l,t,terminated,truncated,episode_count
-439.374046,161,0.134799,True,False,1
-397.102051,137,0.233014,True,False,2
-309.709393,121,0.319032,True,False,3
-276.985389,345,0.561857,True,False,4
-451.853601,150,0.670348,True,False,5
-380.998442,290,0.879068,True,False,6
-487.31203,132,0.972619,True,False,7
-405.627764,275,1.201234,True,False,8
-552.855276,307,1.421979,True,False,9
-251.981941,348,2.779145,True,False,10
-190.113828,386,3.055197,True,False,11
-480.81006,310,3.279143,True,False,12
-162.89375,411,3.571403,True,False,13
-483.361219,233,3.742553,True,False,14
-183.848495,410,4.033942,True,False,15
-482.663979,227,5.118657,True,False,16
-526.357398,346,5.374469,True,False,17
-425.289784,303,5.593779,True,False,18
-421.728721,170,5.716446,True,False,19
-390.487944,277,5.916505,True,False,20
-340.003832,347,6.169083,True,False,21
-287.524624,310,6.394013,True,False,22
-456.369564,157,7.404329,True,False,23
-289.012958,346,7.658529,True,False,24
-372.91344,140,7.764491,True,False,25
-398.005791,238,7.939575,True,False,26
-342.620191,294,8.152939,True,False,27
-93.411842,408,8.444135,True,False,28
-110.655196,423,8.752359,True,False,29
-395.312513,113,8.834575,True,False,30
-313.198475,359,10.008641,True,False,31
-214.833193,439,10.327792,True,False,32
-321.281695,99,10.399843,True,False,33
-398.799206,248,10.579723,True,False,34
-361.003404,108,10.658274,True,False,35
-469.393423,228,10.82812,True,False,36
-419.442196,181,10.959133,True,False,37
-481.915926,250,11.139496,True,False,38
-415.096406,286,12.25287,True,False,39
-318.128324,296,12.489389,True,False,40
-487.624216,148,12.600089,True,False,41
-441.977032,224,12.77046,True,False,42
-369.32476,287,12.98317,True,False,43
-396.747596,238,13.159736,True,False,44
-279.769866,67,13.209521,True,False,45
-322.395313,326,13.452178,True,False,46
-255.709993,374,13.731079,True,False,47
-163.328959,399,15.006883,True,False,48
-64.596966,419,15.311887,True,False,49
-417.20641,194,15.450929,True,False,50
-409.795894,299,15.668367,True,False,51
-449.088732,176,15.794419,True,False,52
-516.571469,191,15.934135,True,False,53
-466.562315,124,16.023429,True,False,54
-122.245883,445,17.297312,True,False,55
-342.651536,300,17.517754,True,False,56
-326.641404,342,17.773762,True,False,57
-111.711251,461,18.106195,True,False,58
-518.077102,171,18.230996,True,False,59
-209.041923,358,18.491363,True,False,60
5.295411,486,19.766745,True,False,61
-389.208865,254,19.958334,True,False,62
-331.683145,209,20.109873,True,False,63
-190.797821,372,20.379583,True,False,64
-477.843218,244,20.556479,True,False,65
-230.44588,328,20.794876,True,False,66
-403.854419,180,20.926159,True,False,67
-375.100121,108,21.005026,True,False,68
-258.60063,318,22.237292,True,False,69
-445.784893,187,22.420588,True,False,70
-179.403942,370,22.726865,True,False,71
-206.932686,529,23.114177,True,False,72
-501.722089,303,23.33214,True,False,73
47.822785,480,24.616217,True,False,74
-391.731448,325,24.848777,True,False,75
-417.210006,233,25.014674,True,False,76
-355.941964,335,25.261052,True,False,77
-425.994805,182,25.39283,True,False,78
-380.237115,246,25.569358,True,False,79
-347.830274,108,25.647035,True,False,80
-251.110204,426,25.960773,True,False,81
-418.395655,150,26.067523,True,False,82
-332.050477,129,27.092984,True,False,83
-388.253266,202,27.248437,True,False,84
-57.198285,411,27.560188,True,False,85
-2.512404,441,27.907667,True,False,86
-287.219843,93,27.975336,True,False,87
-216.724456,452,28.32318,True,False,88
-305.577333,117,28.410568,True,False,89
-250.554271,460,29.695972,True,False,90
9.084558,481,30.042723,True,False,91
-324.172696,107,30.12034,True,False,92
-357.85512,354,30.376469,True,False,93
-461.700005,139,30.477313,True,False,94
-210.787197,397,30.762025,True,False,95
-335.587626,98,30.831596,True,False,96
-373.621567,149,30.939809,True,False,97
-268.780755,377,32.197909,True,False,98
-51.293443,518,32.579879,True,False,99
-403.348535,108,32.838044,True,False,100
-398.777015,169,32.970371,True,False,101
-254.119338,405,33.271348,True,False,102
-412.72991,174,33.400888,True,False,103
-334.3279,236,33.575978,True,False,104
-347.183381,304,34.724191,True,False,105
-408.341222,211,34.887992,True,False,106
-152.14385,413,35.195105,True,False,107
-406.771532,193,35.335419,True,False,108
-452.115252,165,35.455787,True,False,109
-68.617824,430,35.767775,True,False,110
-252.821928,306,35.988698,True,False,111
-568.790255,232,37.058148,True,False,112
-396.169727,96,37.129486,True,False,113
-290.282619,331,37.376577,True,False,114
2482.819734,1010,38.131538,True,False,115
-64.896982,426,38.450874,True,False,116
-326.43986,292,39.582662,True,False,117
67.209073,470,39.924645,True,False,118
-359.111233,157,40.039485,True,False,119
-35.217233,429,40.354756,True,False,120
-542.112455,379,40.629322,True,False,121
-300.251721,380,40.912344,True,False,122
-321.738523,93,41.871215,True,False,123
-465.109879,115,41.95665,True,False,124
-591.443628,293,42.183961,True,False,125
-436.730588,244,42.364364,True,False,126
-371.109663,234,42.537023,True,False,127
-411.612231,187,42.677834,True,False,128
242.78689,547,43.082983,True,False,129
-324.783698,97,43.154837,True,False,130
-144.931467,371,44.395298,True,False,131
-294.360879,76,44.46133,True,False,132
-416.247095,226,44.670741,True,False,133
-111.440423,405,45.001375,True,False,134
-377.619718,249,45.185591,True,False,135
2275.219025,919,45.855732,True,False,136
-559.077499,300,47.002046,True,False,137
-352.703017,197,47.148317,True,False,138
168.022157,496,47.508495,True,False,139
-634.771756,166,47.631899,True,False,140
-481.204086,244,47.813434,True,False,141
-217.285684,361,48.077066,True,False,142
6.015826,475,49.325459,True,False,143
-435.464588,143,49.433035,True,False,144
-358.972538,261,49.622957,True,False,145
-273.281408,300,49.846509,True,False,146
41.44562,458,50.183805,True,False,147
-82.924378,435,50.503271,True,False,148
-503.693711,177,50.631857,True,False,149
-398.837101,147,50.73859,True,False,150
258.671747,520,52.058138,True,False,151
-387.01488,215,52.212279,True,False,152
-161.005872,379,52.489824,True,False,153
-157.557323,377,52.777706,True,False,154
-340.173112,259,52.973796,True,False,155
-10.86613,490,54.286297,True,False,156
-79.038838,443,54.603467,True,False,157
-313.543448,292,54.818962,True,False,158
-398.917157,195,54.963786,True,False,159
236.333359,509,55.341769,True,False,160
-68.28874,407,55.641421,True,False,161
-250.939331,341,56.863921,True,False,162
-305.135982,260,57.080833,True,False,163
-357.608977,168,57.202643,True,False,164
131.352598,650,57.72724,True,False,165
-340.398367,175,57.854938,True,False,166
-332.524963,132,57.952485,True,False,167
-296.406452,304,58.173444,True,False,168
-69.490394,404,59.431136,True,False,169
-355.567401,304,59.652805,True,False,170
-370.232149,191,59.790814,True,False,171
-14.110771,435,60.10774,True,False,172
-315.832858,282,60.315209,True,False,173
-308.812818,91,60.382252,True,False,174
-614.824069,162,60.502815,True,False,175
-191.318305,378,61.741126,True,False,176
19.493334,439,62.070159,True,False,177
-336.893607,304,62.295171,True,False,178
-269.556751,185,62.430971,True,False,179
-380.385391,96,62.502675,True,False,180
-352.63087,131,62.600272,True,False,181
-410.938868,264,62.800256,True,False,182
-331.692762,91,62.867365,True,False,183
-376.89894,291,63.081202,True,False,184
-97.801187,374,64.305207,True,False,185
-268.542987,65,64.353681,True,False,186
-337.035348,100,64.428094,True,False,187
-191.77305,472,64.773931,True,False,188
-118.924,431,65.094853,True,False,189
-595.615627,199,65.240698,True,False,190
-300.316422,81,65.300434,True,False,191
-258.329672,327,65.541618,True,False,192
-272.903726,280,66.664345,True,False,193
-63.141509,398,66.957994,True,False,194
105.138242,437,67.305125,True,False,195
-66.736194,387,67.590944,True,False,196
-371.979205,197,67.739172,True,False,197
-382.09649,186,67.881918,True,False,198
-132.04304,365,69.101899,True,False,199
-476.996123,212,69.742059,True,False,200
15.805485,413,70.062079,True,False,201
-269.354504,471,70.426507,True,False,202
-376.130534,283,70.670321,True,False,203
167.271143,456,71.052135,True,False,204
-368.511616,111,71.131094,True,False,205
-287.776336,254,72.225327,True,False,206
-415.543922,162,72.34295,True,False,207
-311.535305,94,72.412578,True,False,208
-156.22844,357,72.689056,True,False,209
-121.527342,355,72.954787,True,False,210
-343.217599,79,73.013248,True,False,211
100.392898,504,73.383747,True,False,212
-282.593998,412,74.621767,True,False,213
-99.817599,377,74.897649,True,False,214
32.875086,450,75.22971,True,False,215
-375.917163,122,75.317694,True,False,216
-372.428232,120,75.405132,True,False,217
-360.69957,158,75.524031,True,False,218
-453.861408,345,75.781041,True,False,219
-35.34393,424,77.019105,True,False,220
-133.015124,359,77.278939,True,False,221
134.904084,451,77.650273,True,False,222
-474.166385,204,77.867599,True,False,223
-145.805517,338,78.1235,True,False,224
-410.821229,101,78.197493,True,False,225
147.837672,469,78.540764,True,False,226
-334.501485,255,79.656896,True,False,227
-287.301535,104,79.731739,True,False,228
27.882482,451,80.101557,True,False,229
191.220408,471,80.455003,True,False,230
28.99208,510,80.830109,True,False,231
67.396281,509,82.10511,True,False,232
-344.108953,123,82.191769,True,False,233
131.934494,432,82.506423,True,False,234
-264.217698,251,82.710513,True,False,235
-505.858307,256,82.930018,True,False,236
-205.473098,427,83.246287,True,False,237
-417.953331,301,83.47071,True,False,238
-486.42251,284,84.582519,True,False,239
-389.388524,303,84.80485,True,False,240
13.805018,442,85.13094,True,False,241
3.089448,403,85.427886,True,False,242
-237.243301,271,85.627916,True,False,243
-527.996633,191,85.769376,True,False,244
-361.157634,164,85.895551,True,False,245
-416.331537,138,86.927214,True,False,246
-308.027957,284,87.134031,True,False,247
-118.525972,342,87.385461,True,False,248
-57.605912,388,87.675293,True,False,249
-195.10008,448,88.006041,True,False,250
-152.09659,423,88.316354,True,False,251
-6.231854,378,89.538202,True,False,252
-181.322198,411,89.866774,True,False,253
-327.427151,255,90.051564,True,False,254
18.695462,383,90.362376,True,False,255
-310.059043,148,90.499563,True,False,256
-281.821093,297,90.720007,True,False,257
-475.961203,179,90.850684,True,False,258
-342.381448,150,91.88051,True,False,259
-423.808213,221,92.04035,True,False,260
-43.984841,396,92.328123,True,False,261
-67.257325,375,92.602477,True,False,262
-228.559962,327,92.843009,True,False,263
-12.426052,375,93.116604,True,False,264
-167.431303,316,94.249777,True,False,265
-115.683241,370,94.534499,True,False,266
106.115336,407,94.836963,True,False,267
-437.002938,245,95.014883,True,False,268
-141.37082,311,95.243888,True,False,269
-337.426965,189,95.382329,True,False,270
143.939989,413,95.683692,True,False,271
142.790886,459,96.936185,True,False,272
-344.623482,186,97.073951,True,False,273
-254.002142,293,97.2908,True,False,274
-385.788619,197,97.450154,True,False,275
-367.514116,190,97.58935,True,False,276
65.430344,380,97.875334,True,False,277
62.777535,419,99.067733,True,False,278
-213.897731,318,99.297201,True,False,279
-258.549284,72,99.3498,True,False,280
-306.736158,304,99.568586,True,False,281
-58.9561,372,99.83601,True,False,282
-222.531007,293,100.048257,True,False,283
-445.661454,210,100.200562,True,False,284
-337.241322,218,100.391165,True,False,285
-405.9128,224,101.485296,True,False,286
-461.373241,159,101.617991,True,False,287
-53.525684,380,101.901356,True,False,288
-305.465645,111,101.980354,True,False,289
-277.635281,127,102.073362,True,False,290
-150.025074,327,102.312031,True,False,291
-188.178488,309,102.533883,True,False,292
-195.745304,266,102.731899,True,False,293
12.929352,364,103.91833,True,False,294
-243.552451,282,104.125379,True,False,295
21.356065,378,104.400021,True,False,296
-53.256572,371,104.667986,True,False,297
-269.671063,170,104.792439,True,False,298
-53.44633,340,105.039019,True,False,299
-175.049001,288,106.261187,True,False,300
-37.493747,333,107.549859,True,False,301
-259.54382,193,107.730201,True,False,302
-210.688694,256,107.921352,True,False,303
-121.321073,324,108.164694,True,False,304
-268.857114,281,108.373818,True,False,305
-121.237677,339,108.625254,True,False,306
-280.558275,116,108.717024,True,False,307
-108.58118,328,108.959356,True,False,308
-283.8974,171,110.042197,True,False,309
-31.524737,347,110.332896,True,False,310
133.586695,401,110.624055,True,False,311
-208.22923,295,110.835901,True,False,312
-314.309276,133,110.932589,True,False,313
-304.65141,184,111.098862,True,False,314
-337.708767,148,111.208409,True,False,315
0.436456,358,111.472477,True,False,316
-276.551505,162,112.517158,True,False,317
-45.714036,327,112.776026,True,False,318
-291.76918,214,112.935361,True,False,319
-266.932919,207,113.086001,True,False,320
43.406615,364,113.392805,True,False,321
159.272446,397,113.700394,True,False,322
-272.832372,188,113.858579,True,False,323
-210.913298,253,114.06659,True,False,324
-192.186709,252,115.183739,True,False,325
178.20194,408,115.500112,True,False,326
-328.326351,229,115.701457,True,False,327
-207.077676,215,115.87055,True,False,328
184.93539,478,116.24607,True,False,329
-279.268422,252,116.456526,True,False,330
-268.884055,197,116.601779,True,False,331
-348.019283,200,117.687279,True,False,332
-93.950144,297,117.915457,True,False,333
-296.813033,200,118.064788,True,False,334
-81.485832,307,118.292405,True,False,335
-262.240514,274,118.528157,True,False,336
-274.11124,202,118.67969,True,False,337
-15.296378,354,118.979416,True,False,338
-301.615757,158,119.093862,True,False,339
-60.21121,336,120.250652,True,False,340
-268.761841,114,120.334998,True,False,341
-214.731114,202,120.482448,True,False,342
-104.120209,276,120.682241,True,False,343
-268.967926,133,120.778907,True,False,344
-282.341063,157,120.893915,True,False,345
-122.708407,305,121.115895,True,False,346
90.145718,365,121.381055,True,False,347
-291.96733,155,121.493921,True,False,348
-329.576396,172,122.568871,True,False,349
-183.812589,243,122.765406,True,False,350
-236.786436,197,122.906879,True,False,351
-230.377993,98,122.994893,True,False,352
-253.696979,160,123.122222,True,False,353
149.72609,376,123.400761,True,False,354
138.724513,383,123.685365,True,False,355
-309.769801,192,123.827374,True,False,356
-287.793122,177,123.960164,True,False,357
24.819129,342,125.183312,True,False,358
-46.763126,339,125.456959,True,False,359
-216.950606,271,125.659374,True,False,360
-322.672745,191,125.800591,True,False,361
-77.515365,306,126.026318,True,False,362
-147.992642,274,126.228531,True,False,363
-255.26444,93,126.297073,True,False,364
73.21727,348,126.553662,True,False,365
-255.81745,128,127.59831,True,False,366
-61.602277,309,127.832511,True,False,367
-130.759893,259,128.024728,True,False,368
-279.65453,141,128.129045,True,False,369
-242.109054,84,128.191375,True,False,370
-190.725555,239,128.367845,True,False,371
-37.384292,368,128.643406,True,False,372
-269.910746,226,128.808824,True,False,373
63.874786,363,129.986266,True,False,374
-304.829035,192,130.123952,True,False,375
-211.461879,247,130.304213,True,False,376
-52.022983,330,130.559386,True,False,377
-227.682469,271,130.783612,True,False,378
-104.851911,329,131.032446,True,False,379
-371.893205,250,131.21195,True,False,380
261.754647,412,132.396182,True,False,381
162.530328,415,132.702798,True,False,382
208.429936,419,133.004601,True,False,383
-377.3831,166,133.122416,True,False,384
-243.525058,139,133.223811,True,False,385
-237.643334,152,133.334558,True,False,386
13.090386,358,133.621238,True,False,387
166.54289,380,133.941692,True,False,388
-252.841992,160,135.035022,True,False,389
258.084757,438,135.356879,True,False,390
172.042814,388,135.643613,True,False,391
-286.655378,120,135.732242,True,False,392
-302.380005,133,135.830564,True,False,393
-69.590779,310,136.0594,True,False,394
-317.554681,142,136.163688,True,False,395
-149.87393,267,136.361009,True,False,396
-398.713474,220,137.455263,True,False,397
-14.526035,374,137.737678,True,False,398
-193.746149,243,137.916864,True,False,399
-189.306148,207,138.509284,True,False,400
-61.925628,299,138.754508,True,False,401
216.275352,424,139.062346,True,False,402
-266.409348,164,139.180809,True,False,403
-234.371015,123,139.27052,True,False,404
173.515637,377,140.453523,True,False,405
-325.365297,203,140.601377,True,False,406
125.696877,373,140.870484,True,False,407
464.022974,474,141.214039,True,False,408
-231.547029,148,141.323619,True,False,409
-133.797286,254,141.509462,True,False,410
-246.608263,206,141.659631,True,False,411
2.59249,301,142.833027,True,False,412
-245.036511,185,142.987466,True,False,413
15.867809,316,143.24642,True,False,414
-47.227462,313,143.585513,True,False,415
-196.093392,201,143.73338,True,False,416
-233.340248,193,143.875441,True,False,417
-80.118615,288,144.08747,True,False,418
52.37189,334,144.346544,True,False,419
97.399307,355,145.533507,True,False,420
12.152245,344,145.79816,True,False,421
-153.643227,281,146.010692,True,False,422
-227.546915,133,146.107068,True,False,423
326.667132,423,146.411831,True,False,424
-271.442929,110,146.492799,True,False,425
-119.196836,310,146.717601,True,False,426
330.758658,433,147.950943,True,False,427
-336.319246,136,148.049258,True,False,428
-204.107671,299,148.266714,True,False,429
-126.353757,242,148.441881,True,False,430
-218.956435,177,148.570688,True,False,431
-91.339954,263,148.789472,True,False,432
596.183083,482,149.148045,True,False,433
-264.813805,266,150.276876,True,False,434
-59.856486,273,150.47848,True,False,435
-129.088625,263,150.673085,True,False,436
-223.149909,213,150.831047,True,False,437
-318.366782,234,151.004022,True,False,438
74.925944,345,151.258739,True,False,439
267.563573,401,151.554331,True,False,440
-191.782707,65,151.602717,True,False,441
-274.424877,97,151.674323,True,False,442
-250.376033,135,152.722004,True,False,443
-211.607828,215,152.883621,True,False,444
-9.047653,303,153.107556,True,False,445
-153.027624,226,153.272996,True,False,446
-208.831945,158,153.389782,True,False,447
158.642733,372,153.666873,True,False,448
77.361678,335,153.912898,True,False,449
-228.389912,136,154.013433,True,False,450
-165.478895,263,155.119754,True,False,451
97.695021,341,155.422875,True,False,452
-205.468028,82,155.482024,True,False,453
-189.473132,176,155.609792,True,False,454
-277.42343,225,155.77669,True,False,455
-55.203327,285,155.984472,True,False,456
380.054788,431,156.301031,True,False,457
-40.06471,276,156.504431,True,False,458
-156.574741,219,157.587358,True,False,459
-90.466682,247,157.784882,True,False,460
-277.576943,107,157.878119,True,False,461
-232.859405,143,157.987478,True,False,462
376.830307,429,158.329521,True,False,463
-110.604786,252,158.511147,True,False,464
-226.926191,238,158.714554,True,False,465
-202.062892,156,158.823629,True,False,466
-224.02031,194,158.963847,True,False,467
29.655623,314,160.090095,True,False,468
-3.086851,295,160.30429,True,False,469
-253.140234,174,160.431056,True,False,470
10.594976,310,160.655091,True,False,471
-241.659702,134,160.749599,True,False,472
-409.824957,217,160.912323,True,False,473
-273.641373,149,161.020865,True,False,474
-309.064032,116,161.105319,True,False,475
236.235988,384,161.382197,True,False,476
-74.287823,267,162.501053,True,False,477
-8.370547,301,162.744509,True,False,478
-207.96566,139,162.843087,True,False,479
-340.469798,155,162.955028,True,False,480
-129.396687,226,163.119652,True,False,481
28.683179,300,163.341372,True,False,482
-166.190104,155,163.467294,True,False,483
-237.560576,227,163.636373,True,False,484
-174.084206,226,163.817888,True,False,485
212.003876,372,165.023842,True,False,486
-207.86683,183,165.157191,True,False,487
153.584627,353,165.413446,True,False,488
-149.311182,220,165.571032,True,False,489
-73.643255,262,165.762473,True,False,490
46.587359,337,166.005727,True,False,491
32.057807,324,166.240347,True,False,492
-61.325059,277,167.379263,True,False,493
-248.175285,124,167.46921,True,False,494
-181.729164,188,167.609279,True,False,495
325.320622,413,167.912596,True,False,496
-231.445758,161,168.027658,True,False,497
488.903868,458,168.355715,True,False,498
-300.329936,105,168.430354,True,False,499
342.93408,415,170.711518,True,False,500
470.318633,443,172.034646,True,False,501
-248.372288,88,172.099926,True,False,502
522.287979,453,172.426798,True,False,503
71.521831,340,172.675741,True,False,504
-188.012178,219,172.838813,True,False,505
-128.903065,216,172.997251,True,False,506
121.51819,341,173.241794,True,False,507
97.922703,322,174.427155,True,False,508
-323.982446,182,174.562009,True,False,509
-264.683486,152,174.675151,True,False,510
-259.664856,267,174.872742,True,False,511
371.287867,413,175.175481,True,False,512
170.642937,355,175.43505,True,False,513
-52.046006,296,175.651835,True,False,514
-6.792279,294,176.811943,True,False,515
-196.479874,85,176.874639,True,False,516
-66.749059,282,177.082574,True,False,517
-83.1604,271,177.281561,True,False,518
-239.255,147,177.390365,True,False,519
-215.620455,175,177.519906,True,False,520
260.013245,377,177.800885,True,False,521
-239.659377,193,177.943406,True,False,522
-16.183651,284,178.153135,True,False,523
184.460986,359,179.361142,True,False,524
218.459959,368,179.632412,True,False,525
-238.971864,125,179.724407,True,False,526
-134.288228,244,179.903984,True,False,527
228.565607,365,180.170436,True,False,528
-21.021142,313,180.401195,True,False,529
-232.444436,181,180.534232,True,False,530
-255.111378,82,180.5949,True,False,531
486.97336,442,181.858135,True,False,532
-206.455967,225,182.040676,True,False,533
-184.393615,205,182.190924,True,False,534
-195.223006,111,182.272651,True,False,535
127.513163,360,182.564975,True,False,536
-240.397499,223,182.734508,True,False,537
190.94379,364,183.000362,True,False,538
-89.897347,274,184.316017,True,False,539
232.294114,367,184.612233,True,False,540
-9.244215,293,184.827779,True,False,541
59.967818,319,185.118503,True,False,542
-11.590948,295,185.330028,True,False,543
177.978938,347,185.581706,True,False,544
189.700229,350,185.832768,True,False,545
-175.706855,203,186.908628,True,False,546
-134.662248,232,187.092423,True,False,547
-219.238826,147,187.22211,True,False,548
-102.595057,252,187.453553,True,False,549
-127.646098,236,187.625824,True,False,550
-183.823083,170,187.75339,True,False,551
-96.863433,242,187.933706,True,False,552
164.415545,357,188.193803,True,False,553
48.293926,303,189.350316,True,False,554
-166.165052,171,189.540672,True,False,555
-181.39246,162,189.659009,True,False,556
29.684892,293,189.874478,True,False,557
180.277357,351,190.133003,True,False,558
97.183578,319,190.366935,True,False,559
668.308582,480,190.71539,True,False,560
-223.058423,129,190.808745,True,False,561
29.359438,310,191.946722,True,False,562
75.731198,308,192.169684,True,False,563
-197.795478,199,192.311823,True,False,564
421.270252,418,192.615482,True,False,565
-194.927369,159,192.73278,True,False,566
-183.202452,191,192.871199,True,False,567
40.252884,287,193.078804,True,False,568
-170.123479,188,193.214979,True,False,569
-153.15133,198,194.512591,True,False,570
-71.4788,267,194.706357,True,False,571
-192.622947,136,194.804249,True,False,572
33.112289,286,195.010072,True,False,573
-177.038027,183,195.140713,True,False,574
-281.86646,138,195.241141,True,False,575
30.663368,302,195.460952,True,False,576
169.353887,340,195.706135,True,False,577
39.427517,301,197.043652,True,False,578
116.516346,315,197.303802,True,False,579
574.595198,453,197.728086,True,False,580
-197.676935,139,197.853075,True,False,581
131.199488,323,198.11827,True,False,582
-212.80259,227,198.286119,True,False,583
-177.077734,197,198.432133,True,False,584
-217.992348,165,198.554137,True,False,585
-142.968181,209,199.645905,True,False,586
-212.008259,142,199.764238,True,False,587
-11.021878,266,200.000751,True,False,588
-161.609746,147,200.1054,True,False,589
118.107084,318,200.369244,True,False,590
-229.737884,136,200.466889,True,False,591
-202.0347,129,200.583118,True,False,592
401.457768,413,200.897187,True,False,593
-322.520447,143,201.001168,True,False,594
-210.772468,130,201.097671,True,False,595
-243.24227,126,201.191729,True,False,596
170.103454,365,202.395633,True,False,597
-19.716784,287,202.63444,True,False,598
615.449216,463,203.021676,True,False,599
122.385235,333,204.438242,True,False,600
-81.840748,239,204.630288,True,False,601
-158.563439,208,204.785826,True,False,602
341.596306,382,205.980695,True,False,603
105.048366,336,206.228888,True,False,604
-203.496894,82,206.290311,True,False,605
-173.583243,150,206.40109,True,False,606
-355.944971,186,206.53957,True,False,607
31.137997,292,206.753273,True,False,608
-159.055766,172,206.880704,True,False,609
31.879803,277,207.083739,True,False,610
438.195396,412,208.285815,True,False,611
-157.282168,157,208.402705,True,False,612
75.93545,292,208.623574,True,False,613
-236.471979,230,208.795701,True,False,614
143.975314,319,209.034636,True,False,615
142.858965,339,209.314686,True,False,616
-18.947508,285,209.52059,True,False,617
2.286337,283,209.725658,True,False,618
47.018669,298,210.835361,True,False,619
-134.055591,230,211.031336,True,False,620
307.289091,368,211.297625,True,False,621
78.750049,332,211.538451,True,False,622
-166.992997,167,211.658769,True,False,623
241.417437,349,211.916006,True,False,624
-136.611022,219,212.073414,True,False,625
-105.980717,212,212.226682,True,False,626
-41.426336,262,213.371249,True,False,627
69.421617,289,213.582155,True,False,628
-235.960807,97,213.655671,True,False,629
-142.214652,203,213.816751,True,False,630
-131.562105,179,213.948164,True,False,631
122.455318,299,214.164126,True,False,632
-168.048127,213,214.316726,True,False,633
-188.664529,141,214.420318,True,False,634
-277.907803,105,214.497046,True,False,635
-78.827487,260,214.685485,True,False,636
-96.820012,229,215.762794,True,False,637
-100.509741,237,215.934405,True,False,638
302.645158,366,216.199724,True,False,639
-293.676404,120,216.28526,True,False,640
-132.817741,206,216.433863,True,False,641
146.712945,336,216.677794,True,False,642
-182.515559,178,216.806928,True,False,643
-170.027805,139,216.908499,True,False,644
-73.403165,246,218.073874,True,False,645
148.179629,323,218.310109,True,False,646
-85.250339,203,218.476516,True,False,647
-112.011589,180,218.607405,True,False,648
76.451265,363,218.871571,True,False,649
-219.564615,104,218.946531,True,False,650
-227.538425,183,219.079181,True,False,651
-97.141997,219,219.23731,True,False,652
225.086943,360,219.497315,True,False,653
265.845595,405,220.70003,True,False,654
170.490441,357,220.963629,True,False,655
259.328906,364,221.222814,True,False,656
-42.312982,280,221.425584,True,False,657
-201.579007,117,221.510831,True,False,658
-149.151103,185,221.644627,True,False,659
8.489158,254,221.827946,True,False,660
11.876295,286,222.961358,True,False,661
-260.740322,220,223.122328,True,False,662
-206.073589,83,223.18496,True,False,663
266.289104,394,223.471476,True,False,664
-125.586304,187,223.610024,True,False,665
15.772884,325,223.849625,True,False,666
853.903944,520,224.229037,True,False,667
-87.178768,208,224.380062,True,False,668
-37.829646,286,225.588966,True,False,669
61.506122,312,225.824691,True,False,670
-107.496375,205,225.978498,True,False,671
513.138341,426,226.301261,True,False,672
-233.547573,105,226.379934,True,False,673
460.598588,418,226.719407,True,False,674
-186.025701,95,226.791989,True,False,675
-124.389751,240,227.905201,True,False,676
362.714997,383,228.181937,True,False,677
-195.677256,183,228.311257,True,False,678
-217.962244,144,228.416313,True,False,679
143.242551,346,228.67057,True,False,680
-276.845051,226,228.837131,True,False,681
234.440564,363,229.099574,True,False,682
-159.599946,214,229.253179,True,False,683
261.488196,373,230.47578,True,False,684
-43.452271,264,230.671291,True,False,685
-181.806152,103,230.748459,True,False,686
797.697108,513,231.122923,True,False,687
-159.628989,126,231.215577,True,False,688
39.604002,315,231.447556,True,False,689
54.156419,302,231.668777,True,False,690
-111.730997,236,232.801399,True,False,691
-171.92947,234,232.979186,True,False,692
-85.181717,212,233.136462,True,False,693
117.870781,320,233.372765,True,False,694
-132.162746,224,233.536574,True,False,695
-182.777018,198,233.688232,True,False,696
122.398424,330,233.929806,True,False,697
-173.403853,118,234.016522,True,False,698
-221.805763,173,234.143212,True,False,699
-17.517646,269,236.162155,True,False,700
-115.491984,216,236.335055,True,False,701
134.962476,325,236.571108,True,False,702
-226.746984,153,236.679396,True,False,703
-201.898626,221,236.839194,True,False,704
609.460958,453,237.164588,True,False,705
-183.915403,207,237.311848,True,False,706
35.878992,283,237.546812,True,False,707
198.404786,388,238.763337,True,False,708
-321.601435,211,238.920691,True,False,709
145.824204,320,239.152508,True,False,710
-219.701719,175,239.27898,True,False,711
-172.814865,182,239.411463,True,False,712
887.656651,523,239.786379,True,False,713
-173.037767,119,239.872714,True,False,714
93.974063,302,241.023316,True,False,715
217.853259,353,241.302607,True,False,716
46.276975,298,241.522257,True,False,717
-8.309371,265,241.741977,True,False,718
-142.40467,165,241.882987,True,False,719
-168.303081,153,241.996966,True,False,720
-60.497776,233,242.170607,True,False,721
7.291589,292,242.387063,True,False,722
337.228035,389,243.601759,True,False,723
94.293865,302,243.829438,True,False,724
135.528258,327,244.072211,True,False,725
-194.759268,84,244.134714,True,False,726
384.479989,407,244.434668,True,False,727
-120.710887,285,244.644078,True,False,728
-136.461775,226,244.811604,True,False,729
-62.086461,227,244.984274,True,False,730
-99.805468,266,246.10244,True,False,731
-76.97035,417,246.431863,True,False,732
-172.520904,200,246.57816,True,False,733
-222.033418,93,246.647197,True,False,734
2152.072472,778,247.218515,True,False,735
75.093403,311,247.448035,True,False,736
-204.406545,142,248.510731,True,False,737
-243.432844,137,248.61236,True,False,738
906.081079,633,249.073498,True,False,739
-508.002968,452,249.406039,True,False,740
634.235463,459,249.740235,True,False,741
-164.071134,206,249.892047,True,False,742
512.29597,430,251.140263,True,False,743
2388.280115,834,251.75438,True,False,744
544.542425,502,252.122289,True,False,745
115.965636,329,252.364403,True,False,746
-183.743637,140,253.440063,True,False,747
-232.704843,75,253.494669,True,False,748
202.898868,344,253.746669,True,False,749
-250.699747,111,253.835762,True,False,750
-125.037885,180,253.985956,True,False,751
1187.718911,656,254.480506,True,False,752
-196.38755,83,254.541805,True,False,753
-75.96218,222,254.703698,True,False,754
-182.222106,106,254.79721,True,False,755
-147.166729,212,256.080203,True,False,756
-197.906605,163,256.20809,True,False,757
-228.63631,214,256.366658,True,False,758
497.016334,427,256.680619,True,False,759
-80.025204,240,256.874433,True,False,760
-150.958022,182,257.012836,True,False,761
211.951232,346,257.268619,True,False,762
132.528959,353,257.544579,True,False,763
67.803619,307,258.740843,True,False,764
-101.770557,208,258.894287,True,False,765
112.851383,320,259.14011,True,False,766
-232.599631,155,259.254182,True,False,767
420.404341,410,259.55474,True,False,768
-102.413138,238,259.729036,True,False,769
-160.574954,194,259.875183,True,False,770
-164.563869,164,259.998359,True,False,771
973.046004,595,261.36748,True,False,772
382.291377,384,261.650313,True,False,773
-220.909346,148,261.757806,True,False,774
-162.723186,182,261.892538,True,False,775
-201.920041,105,261.970314,True,False,776
396.492251,401,262.266552,True,False,777
833.354138,597,263.651531,True,False,778
-117.397228,207,263.808062,True,False,779
-258.864844,131,263.905589,True,False,780
-127.787353,233,264.079644,True,False,781
-185.302382,150,264.191044,True,False,782
-13.192865,314,264.42437,True,False,783
-23.04701,453,264.760353,True,False,784
-77.855738,277,264.965627,True,False,785
-207.056311,131,266.020979,True,False,786
-60.089933,278,266.224697,True,False,787
506.09012,440,266.542406,True,False,788
-65.906089,250,266.722481,True,False,789
-86.333118,271,266.918973,True,False,790
-94.453462,238,267.088528,True,False,791
-116.831772,248,267.269236,True,False,792
349.532983,389,268.616877,True,False,793
497.364155,429,268.933042,True,False,794
-154.958536,216,269.09008,True,False,795
463.476961,436,269.455558,True,False,796
297.554282,381,269.735116,True,False,797
-212.730847,157,269.849486,True,False,798
-155.984541,170,270.00064,True,False,799
-183.423785,161,271.379131,True,False,800
-283.701827,156,271.515778,True,False,801
-331.216201,207,271.666386,True,False,802
552.57415,431,271.981205,True,False,803
115.16539,319,272.226503,True,False,804
-216.929809,93,272.339776,True,False,805
303.30627,367,272.628507,True,False,806
269.25387,411,273.869101,True,False,807
-203.560906,104,273.946116,True,False,808
531.962023,479,274.327086,True,False,809
52.222268,286,274.533438,True,False,810
-22.540045,701,275.080798,True,False,811
187.862721,347,275.352924,True,False,812
61.57904,312,276.530939,True,False,813
-5.298643,261,276.720284,True,False,814
-315.04112,172,276.843643,True,False,815
-24.696936,272,277.040235,True,False,816
128.88855,399,277.329659,True,False,817
127.46712,354,277.584533,True,False,818
109.218435,386,277.869607,True,False,819
373.683587,398,279.106383,True,False,820
-55.280508,268,279.309171,True,False,821
-145.273527,172,279.436144,True,False,822
-231.476508,73,279.491467,True,False,823
-226.670317,286,279.724237,True,False,824
5.051865,255,279.904824,True,False,825
-202.539824,49,279.940816,True,False,826
5.730656,285,280.149034,True,False,827
72.187526,318,281.344363,True,False,828
-227.015968,152,281.453971,True,False,829
-162.546493,234,281.624297,True,False,830
377.339082,402,281.939817,True,False,831
-379.058103,200,282.088976,True,False,832
-138.728787,173,282.214288,True,False,833
-158.638053,227,282.379348,True,False,834
-160.093734,217,282.537323,True,False,835
-234.452854,152,282.649997,True,False,836
-179.483027,186,282.788378,True,False,837
505.021014,442,284.014712,True,False,838
464.868891,431,284.327699,True,False,839
735.897258,625,284.779102,True,False,840
-4.772845,328,285.015484,True,False,841
508.202454,438,286.349078,True,False,842
-229.774779,296,286.573793,True,False,843
-186.22334,122,286.663723,True,False,844
884.372659,518,287.050896,True,False,845
-184.545807,180,287.183059,True,False,846
3.697236,282,287.391233,True,False,847
395.849716,404,287.691527,True,False,848
-238.096073,180,288.758729,True,False,849
574.589444,450,289.093374,True,False,850
219.868513,351,289.352657,True,False,851
-183.555774,157,289.469146,True,False,852
-177.105527,166,289.593067,True,False,853
-82.977806,268,289.791613,True,False,854
51.973395,287,290.029268,True,False,855
275.400882,373,291.231407,True,False,856
369.282844,395,291.548377,True,False,857
35.542733,294,291.760982,True,False,858
-172.951767,149,291.868856,True,False,859
-234.4083,131,291.963941,True,False,860
830.644867,548,292.368019,True,False,861
504.336077,528,293.736774,True,False,862
253.957207,358,294.004653,True,False,863
-4.901271,260,294.195685,True,False,864
341.566067,381,294.473001,True,False,865
391.719674,581,294.900396,True,False,866
-130.30812,214,295.057831,True,False,867
-154.697701,190,296.120795,True,False,868
175.938625,326,296.369793,True,False,869
-175.73343,162,296.487474,True,False,870
-76.948829,253,296.673598,True,False,871
-245.986564,186,296.808953,True,False,872
87.538716,616,297.258119,True,False,873
-209.363421,165,297.378094,True,False,874
-112.810914,212,297.534793,True,False,875
-309.494638,104,297.612184,True,False,876
-367.848647,377,298.859088,True,False,877
-47.388611,266,299.059691,True,False,878
-171.153978,223,299.225339,True,False,879
-249.894322,145,299.33329,True,False,880
-251.691568,170,299.45956,True,False,881
-211.787274,122,299.550647,True,False,882
-13.148015,266,299.74599,True,False,883
-190.747653,170,299.869548,True,False,884
221.523156,341,301.047204,True,False,885
319.105335,377,301.339164,True,False,886
451.80766,416,301.645313,True,False,887
-222.787551,203,301.793511,True,False,888
566.369818,438,302.118538,True,False,889
42.513644,304,302.34237,True,False,890
130.4768,343,303.519138,True,False,891
440.76981,416,303.829324,True,False,892
-190.112349,189,303.969085,True,False,893
-131.580705,247,304.152715,True,False,894
-47.895541,315,304.385181,True,False,895
153.090683,317,304.620327,True,False,896
112.819084,311,304.847752,True,False,897
-155.028995,164,304.972682,True,False,898
-22.438615,231,306.057487,True,False,899
-69.418399,240,307.130147,True,False,900
283.328547,380,307.460142,True,False,901
-160.686192,167,307.583479,True,False,902
-164.679183,148,307.695924,True,False,903
271.383973,364,308.001052,True,False,904
12.76086,268,308.198891,True,False,905
-177.556253,229,308.367552,True,False,906
-238.860862,164,309.416863,True,False,907
430.900132,402,309.728589,True,False,908
160.077599,332,309.974067,True,False,909
-198.117305,115,310.059192,True,False,910
501.357446,431,310.377711,True,False,911
-199.063861,244,310.557098,True,False,912
-125.835315,215,310.716671,True,False,913
-286.355966,137,310.81708,True,False,914
615.215686,449,312.05619,True,False,915
-180.761172,170,312.182235,True,False,916
-175.075581,91,312.249871,True,False,917
-285.235993,191,312.392805,True,False,918
-214.536108,102,312.468591,True,False,919
-180.637965,133,312.568682,True,False,920
-122.562109,200,312.722116,True,False,921
-154.194998,205,312.873395,True,False,922
-158.497854,200,313.021767,True,False,923
644.669629,459,314.277937,True,False,924
-0.02221,271,314.479279,True,False,925
393.334844,392,314.770318,True,False,926
242.529413,367,315.040927,True,False,927
-320.17541,335,315.286806,True,False,928
-160.998186,177,315.416512,True,False,929
-178.33651,139,315.519296,True,False,930
417.299314,399,316.731352,True,False,931
-62.07936,218,316.891928,True,False,932
10.102714,272,317.092298,True,False,933
90.999279,302,317.311442,True,False,934
-96.066049,231,317.47899,True,False,935
392.909899,396,317.769137,True,False,936
-147.044984,175,317.894272,True,False,937
230.988092,352,319.054883,True,False,938
-115.135196,215,319.212082,True,False,939
425.384811,407,319.50713,True,False,940
512.297163,427,319.811894,True,False,941
-403.785562,214,319.990521,True,False,942
172.136882,321,320.223749,True,False,943
165.490216,363,320.485207,True,False,944
43.957101,281,321.587951,True,False,945
530.624106,430,321.917798,True,False,946
-18.460273,248,322.102371,True,False,947
-214.153558,148,322.211694,True,False,948
773.757226,495,322.576885,True,False,949
-143.367095,208,322.733864,True,False,950
57.17638,332,323.95381,True,False,951
-8.934047,277,324.183404,True,False,952
207.318298,349,324.439795,True,False,953
-146.244681,195,324.580666,True,False,954
-223.194136,120,324.687318,True,False,955
-201.394242,142,324.793004,True,False,956
-267.785826,268,324.992135,True,False,957
77.59522,355,325.254605,True,False,958
298.662944,381,326.454531,True,False,959
517.885393,435,326.771879,True,False,960
27.257501,278,326.969622,True,False,961
-136.314247,170,327.092518,True,False,962
-294.195587,127,327.184873,True,False,963
227.90552,360,327.44519,True,False,964
44.73246,263,327.63594,True,False,965
88.010776,309,327.86377,True,False,966
63.492938,300,329.060928,True,False,967
239.479989,345,329.311198,True,False,968
189.415139,339,329.561389,True,False,969
-119.490345,205,329.711363,True,False,970
84.067957,287,329.920399,True,False,971
-239.879983,174,330.043541,True,False,972
33.443415,257,330.230933,True,False,973
-293.531434,157,330.342998,True,False,974
-34.232105,256,331.452118,True,False,975
213.537298,330,331.69135,True,False,976
102.265987,312,331.944298,True,False,977
386.608682,394,332.249925,True,False,978
-76.571809,245,332.430118,True,False,979
-160.926043,272,332.675134,True,False,980
-238.407179,158,332.788974,True,False,981
215.900174,335,334.098866,True,False,982
-201.126455,162,334.216217,True,False,983
-194.64598,144,334.32112,True,False,984
-150.642177,172,334.467432,True,False,985
209.446464,347,334.747819,True,False,986
-72.466104,279,334.97725,True,False,987
-33.504231,253,335.174678,True,False,988
-175.193829,82,335.234247,True,False,989
404.137181,396,336.444916,True,False,990
496.746987,423,336.750758,True,False,991
-240.221477,194,336.888794,True,False,992
-220.751792,212,337.042382,True,False,993
-36.645711,215,337.197833,True,False,994
139.106554,302,337.416622,True,False,995
228.574736,364,337.682632,True,False,996
-164.51484,184,337.817358,True,False,997
172.161518,323,339.020022,True,False,998
154.11193,330,339.263085,True,False,999
-221.683505,146,339.805937,True,False,1000
291.493192,348,340.114872,True,False,1001
-158.624135,232,340.285808,True,False,1002
-274.351778,116,340.371319,True,False,1003
-165.51947,111,340.453433,True,False,1004
293.36124,383,340.760033,True,False,1005
374.357768,394,341.938487,True,False,1006
-185.574921,169,342.061028,True,False,1007
-8.879612,319,342.304623,True,False,1008
-180.356077,95,342.375595,True,False,1009
-187.557324,107,342.454352,True,False,1010
185.691591,339,342.709075,True,False,1011
43.766218,304,342.933753,True,False,1012
4.782923,259,343.125175,True,False,1013
-172.01018,155,343.2397,True,False,1014
352.77543,381,344.533402,True,False,1015
-31.531247,263,344.727937,True,False,1016
26.31259,285,344.936798,True,False,1017
-149.471459,166,345.058893,True,False,1018
-77.131328,222,345.222913,True,False,1019
206.235459,343,345.476841,True,False,1020
421.34568,388,345.762431,True,False,1021
103.806423,290,346.911044,True,False,1022
88.73203,324,347.180831,True,False,1023
-149.354025,150,347.290061,True,False,1024
113.127846,285,347.532047,True,False,1025
-111.94073,312,347.768642,True,False,1026
-185.785833,86,347.832415,True,False,1027
-241.993263,136,347.931967,True,False,1028
-213.556595,209,348.086992,True,False,1029
172.2961,316,348.320355,True,False,1030
240.81461,334,349.559032,True,False,1031
-177.518075,79,349.616708,True,False,1032
-98.277628,246,349.822005,True,False,1033
-21.252814,249,350.029193,True,False,1034
-192.60651,110,350.110882,True,False,1035
51.089514,307,350.337218,True,False,1036
352.760357,390,350.655669,True,False,1037
211.865942,351,350.936188,True,False,1038
258.389183,356,352.119043,True,False,1039
-158.845415,142,352.23935,True,False,1040
687.17516,465,352.626284,True,False,1041
38.652847,272,352.829434,True,False,1042
-163.070212,187,352.971854,True,False,1043
-30.115245,247,353.153543,True,False,1044
-126.094745,192,353.291408,True,False,1045
28.533426,251,354.403557,True,False,1046
-123.569726,168,354.549529,True,False,1047
541.206997,436,354.871088,True,False,1048
332.721496,362,355.13463,True,False,1049
-183.712738,159,355.252642,True,False,1050
-191.591749,145,355.36003,True,False,1051
169.305107,321,355.625971,True,False,1052
34.498401,302,355.847279,True,False,1053
-20.302392,248,356.927869,True,False,1054
236.473841,354,357.240934,True,False,1055
506.760314,417,357.546553,True,False,1056
320.164122,374,357.825449,True,False,1057
504.058577,412,358.127156,True,False,1058
496.091405,419,359.421626,True,False,1059
437.768968,403,359.718796,True,False,1060
-106.859694,173,359.846212,True,False,1061
287.344559,358,360.124337,True,False,1062
-48.769927,235,360.295497,True,False,1063
127.022603,327,360.536446,True,False,1064
253.560712,349,360.792718,True,False,1065
728.025542,474,362.13257,True,False,1066
-218.281665,107,362.215199,True,False,1067
-221.731276,190,362.364591,True,False,1068
-23.475033,262,362.554781,True,False,1069
-143.487336,164,362.676043,True,False,1070
8.182486,260,362.869214,True,False,1071
-127.550596,197,363.008894,True,False,1072
-74.011993,213,363.163104,True,False,1073
70.306266,273,363.358413,True,False,1074
372.537171,386,364.654044,True,False,1075
-4.209224,243,364.829184,True,False,1076
-170.104108,232,365.001891,True,False,1077
-136.067075,167,365.123333,True,False,1078
-112.163632,157,365.237024,True,False,1079
-187.593424,117,365.322348,True,False,1080
-56.772422,213,365.476641,True,False,1081
301.329541,369,365.743786,True,False,1082
-196.797367,161,365.858786,True,False,1083
149.125569,305,367.000223,True,False,1084
173.424426,337,367.243969,True,False,1085
166.835495,311,367.46981,True,False,1086
-214.961407,180,367.602204,True,False,1087
5.744515,249,367.78617,True,False,1088
121.669202,306,368.034241,True,False,1089
-175.825542,179,368.16287,True,False,1090
-160.312849,143,368.266575,True,False,1091
483.738752,413,369.525609,True,False,1092
-170.973114,96,369.596809,True,False,1093
-139.894584,185,369.801519,True,False,1094
-189.265569,135,369.936276,True,False,1095
-52.263536,213,370.160075,True,False,1096
52.640577,293,370.391717,True,False,1097
30.120748,301,370.609884,True,False,1098
247.036454,339,370.855997,True,False,1099
