#{"t_start": 1749135306.5197396, "env_id": "None"}
r,l,t,terminated,truncated,episode_count
-437.742017,232,1.24295,True,False,1
-223.825032,394,1.53545,True,False,2
-175.037758,402,1.876156,True,False,3
-350.461893,417,2.183756,True,False,4
-356.31826,116,2.269995,True,False,5
-506.847224,227,2.437619,True,False,6
-97.290935,442,3.700466,True,False,7
-401.03108,278,3.914388,True,False,8
-682.740415,137,4.023021,True,False,9
-457.339174,192,4.180384,True,False,10
-413.736265,277,4.401356,True,False,11
-344.278203,132,4.499354,True,False,12
-471.71097,145,4.608529,True,False,13
-460.79872,168,4.73398,True,False,14
-491.457838,141,4.838776,True,False,15
-213.262666,393,5.132525,True,False,16
-352.838705,313,6.297517,True,False,17
-572.86953,258,6.488673,True,False,18
-60.736211,503,6.866159,True,False,19
-564.970207,271,7.071433,True,False,20
-418.814216,233,7.244251,True,False,21
-90.493031,434,7.569027,True,False,22
-664.736371,217,8.64764,True,False,23
-361.967668,284,8.857853,True,False,24
-348.551503,308,9.086435,True,False,25
-410.111334,202,9.265109,True,False,26
-319.200677,303,9.484263,True,False,27
-516.580596,190,9.623823,True,False,28
-498.76046,245,9.809575,True,False,29
-4.170857,462,11.107678,True,False,30
-386.137908,390,11.394886,True,False,31
-497.587315,242,11.570132,True,False,32
-375.957536,199,11.716678,True,False,33
-396.0585,242,11.896314,True,False,34
-383.190596,186,12.036864,True,False,35
-205.523807,363,12.306927,True,False,36
-587.80877,221,12.473083,True,False,37
-384.924119,338,13.65611,True,False,38
-263.330419,349,13.90832,True,False,39
-428.781334,125,13.997523,True,False,40
-245.093783,347,14.252807,True,False,41
-518.718955,279,14.45096,True,False,42
-305.465783,319,14.678794,True,False,43
-364.9331,130,14.772855,True,False,44
-403.041881,266,15.892799,True,False,45
-398.384498,112,15.976301,True,False,46
-598.672731,191,16.113079,True,False,47
-268.792218,338,16.353148,True,False,48
-364.373462,364,16.618319,True,False,49
-406.50969,149,16.723421,True,False,50
-338.530811,92,16.78957,True,False,51
-232.439516,389,17.074254,True,False,52
-406.737987,94,17.141176,True,False,53
-491.151489,165,17.261429,True,False,54
-335.924439,433,18.463658,True,False,55
-380.079329,320,18.697873,True,False,56
-414.18993,156,18.813549,True,False,57
-465.599714,160,18.935592,True,False,58
-198.408201,396,19.225711,True,False,59
-329.254218,405,19.520862,True,False,60
-504.416043,164,19.640193,True,False,61
-328.6242,299,20.738513,True,False,62
-373.25475,408,21.04075,True,False,63
-401.90125,462,21.394787,True,False,64
-291.262915,74,21.4494,True,False,65
-411.176446,288,21.662289,True,False,66
-357.490981,129,21.756859,True,False,67
-559.679085,245,21.942851,True,False,68
-505.974349,226,22.112676,True,False,69
-368.772035,108,23.07891,True,False,70
-198.561143,386,23.354742,True,False,71
-306.953386,85,23.415909,True,False,72
-323.697989,113,23.495576,True,False,73
-435.895492,170,23.615895,True,False,74
-512.133,206,23.764699,True,False,75
-515.527296,181,23.896533,True,False,76
-544.68262,235,24.066226,True,False,77
-438.109388,204,24.213865,True,False,78
-149.374046,404,24.505734,True,False,79
-374.833198,96,25.533137,True,False,80
-514.457435,225,25.709358,True,False,81
-41.175465,450,26.062009,True,False,82
-578.346956,208,26.214654,True,False,83
-301.228698,370,26.482676,True,False,84
-422.389843,258,26.669376,True,False,85
-438.98153,193,26.811906,True,False,86
-424.923442,170,26.936929,True,False,87
-333.073938,299,28.062497,True,False,88
-292.227955,317,28.290908,True,False,89
-428.141951,176,28.417272,True,False,90
-410.060657,207,28.569605,True,False,91
-325.845684,121,28.657864,True,False,92
-451.284645,288,28.865903,True,False,93
-269.3434,310,29.089664,True,False,94
-418.237993,215,29.246814,True,False,95
-342.587288,281,30.344003,True,False,96
-399.332556,207,30.493855,True,False,97
-96.168128,426,30.802435,True,False,98
-358.873476,240,30.987694,True,False,99
-468.12151,229,31.741435,True,False,100
20.668588,470,32.143655,True,False,101
-342.889001,137,32.243049,True,False,102
-135.76988,422,33.477348,True,False,103
-346.898691,87,33.541982,True,False,104
-834.778116,200,33.687024,True,False,105
-219.787929,426,34.020394,True,False,106
-225.379688,402,34.309544,True,False,107
-365.670497,330,34.549977,True,False,108
-507.375742,321,34.797722,True,False,109
-506.665385,262,35.894471,True,False,110
-225.050878,421,36.207299,True,False,111
-126.526236,407,36.499119,True,False,112
-384.871366,99,36.572625,True,False,113
-363.680747,293,36.788838,True,False,114
-263.309832,347,37.051073,True,False,115
-423.074353,139,37.152531,True,False,116
-238.557204,381,38.346241,True,False,117
-340.534482,66,38.401961,True,False,118
-393.889207,155,38.515662,True,False,119
-329.253384,327,38.754415,True,False,120
-391.843433,303,38.97692,True,False,121
-383.265986,261,39.168968,True,False,122
-487.049711,220,39.328966,True,False,123
-207.095468,382,39.609197,True,False,124
-492.748054,200,40.689887,True,False,125
-462.786875,224,40.856625,True,False,126
-129.057904,385,41.144924,True,False,127
-432.544265,252,41.32717,True,False,128
-399.131438,166,41.449628,True,False,129
-238.089983,344,41.69593,True,False,130
-329.415482,167,41.8156,True,False,131
-387.835851,148,41.925338,True,False,132
-31.817501,419,43.145865,True,False,133
-352.417801,331,43.384229,True,False,134
-107.765196,453,43.712876,True,False,135
-423.814777,373,43.990026,True,False,136
-409.848097,290,44.202487,True,False,137
-381.386161,257,44.388193,True,False,138
-144.922028,399,45.5873,True,False,139
-504.056508,217,45.744312,True,False,140
-483.729458,297,45.973117,True,False,141
-403.130804,129,46.078061,True,False,142
-490.047173,162,46.194372,True,False,143
-380.211803,253,46.374882,True,False,144
-426.54586,211,46.529346,True,False,145
-342.154118,313,46.755288,True,False,146
-454.555037,282,46.958538,True,False,147
-445.858086,139,47.956899,True,False,148
-329.856211,329,48.1903,True,False,149
-355.704896,188,48.325317,True,False,150
-174.673234,368,48.587096,True,False,151
-182.128825,389,48.899103,True,False,152
-304.36612,122,48.986897,True,False,153
-286.779257,75,49.041348,True,False,154
-261.761181,387,49.31794,True,False,155
-124.93045,388,50.503249,True,False,156
-393.14959,121,50.592655,True,False,157
-375.200361,107,50.672013,True,False,158
-420.411914,202,50.821769,True,False,159
-276.657942,332,51.070949,True,False,160
-351.522448,216,51.22945,True,False,161
-313.779702,295,51.441608,True,False,162
-248.819682,339,51.689663,True,False,163
-141.830355,379,52.890805,True,False,164
-359.830584,225,53.050627,True,False,165
-253.253234,338,53.287712,True,False,166
-250.352147,304,53.504022,True,False,167
-363.664536,131,53.5972,True,False,168
-349.313336,85,53.657466,True,False,169
-70.952422,411,53.953703,True,False,170
-389.041967,222,54.114054,True,False,171
-286.919149,340,55.288968,True,False,172
-293.122107,311,55.51281,True,False,173
-499.618716,227,55.674929,True,False,174
-406.234115,163,55.794271,True,False,175
-359.257932,128,55.889003,True,False,176
-141.440119,375,56.163767,True,False,177
-422.406883,295,56.374117,True,False,178
-393.921235,227,56.537592,True,False,179
-410.943649,278,57.637363,True,False,180
-455.793711,165,57.754611,True,False,181
-461.007782,216,57.91528,True,False,182
-257.547574,322,58.144441,True,False,183
-412.804353,227,58.306568,True,False,184
-369.051002,188,58.438695,True,False,185
-307.252405,273,58.630758,True,False,186
-362.809826,113,58.711865,True,False,187
-300.129131,276,58.909949,True,False,188
-375.38223,168,59.939842,True,False,189
-347.608799,210,60.090763,True,False,190
-154.857457,370,60.356846,True,False,191
-184.076916,322,60.593846,True,False,192
-307.01049,110,60.672995,True,False,193
-373.391927,153,60.78275,True,False,194
-434.952544,218,60.949657,True,False,195
-278.915218,81,61.012377,True,False,196
-306.651157,305,61.236299,True,False,197
-289.956303,255,62.357655,True,False,198
-191.492825,336,62.598534,True,False,199
-290.526008,120,62.884153,True,False,200
-359.707185,197,63.032229,True,False,201
-171.583341,379,63.330003,True,False,202
-319.923096,104,63.407245,True,False,203
-277.410015,323,63.644303,True,False,204
-393.168504,176,63.772985,True,False,205
-354.940943,197,63.92221,True,False,206
-252.096548,278,65.040615,True,False,207
-204.645542,314,65.270093,True,False,208
-338.074536,109,65.347741,True,False,209
-353.042235,205,65.495101,True,False,210
-378.833941,194,65.63514,True,False,211
-160.758734,364,65.903655,True,False,212
-389.531727,174,66.035221,True,False,213
-343.11969,175,66.163132,True,False,214
-304.685972,188,66.301049,True,False,215
-375.725653,207,67.385772,True,False,216
-358.338068,255,67.574673,True,False,217
-176.092521,346,67.824258,True,False,218
-339.37118,220,67.984067,True,False,219
-229.621017,311,68.209833,True,False,220
-347.864253,294,68.422695,True,False,221
-294.463175,256,68.610559,True,False,222
-311.568966,143,68.716255,True,False,223
-284.478737,278,69.817968,True,False,224
-417.479858,118,69.910852,True,False,225
-382.793853,135,70.010997,True,False,226
-443.730866,306,70.235641,True,False,227
-327.534147,185,70.373038,True,False,228
-339.43064,298,70.592978,True,False,229
-332.999965,113,70.675387,True,False,230
-394.454859,184,70.808368,True,False,231
-329.781236,156,70.924864,True,False,232
-104.420579,375,71.202494,True,False,233
-372.25402,194,72.266656,True,False,234
-454.942233,237,72.441309,True,False,235
54.313187,467,72.783691,True,False,236
-277.899269,334,73.032427,True,False,237
-143.538086,359,73.293704,True,False,238
-312.588444,247,73.470571,True,False,239
-381.356218,261,73.658483,True,False,240
-347.540142,127,74.64439,True,False,241
-40.828413,399,74.93914,True,False,242
-163.835113,348,75.190327,True,False,243
-328.571269,190,75.325934,True,False,244
-190.242904,302,75.54577,True,False,245
-464.729966,206,75.694256,True,False,246
-406.002564,271,75.895252,True,False,247
-362.876963,141,76.002523,True,False,248
-350.428657,161,77.084025,True,False,249
-301.561151,83,77.14432,True,False,250
-402.814279,243,77.324278,True,False,251
-310.902841,301,77.539675,True,False,252
-314.091625,119,77.625172,True,False,253
-278.320594,79,77.682438,True,False,254
-297.43422,259,77.871201,True,False,255
-152.661143,347,78.121663,True,False,256
-355.360806,180,78.251955,True,False,257
-188.770595,345,78.503094,True,False,258
-312.825113,181,79.551235,True,False,259
-298.048114,131,79.649006,True,False,260
-335.956841,302,79.866389,True,False,261
-342.355534,206,80.014991,True,False,262
-304.675874,282,80.220042,True,False,263
-124.279757,341,80.465441,True,False,264
-40.447751,381,80.741695,True,False,265
-113.801195,343,81.916055,True,False,266
-92.784302,366,82.201887,True,False,267
-332.885651,143,82.307466,True,False,268
-339.044934,278,82.5114,True,False,269
-166.471246,350,82.767489,True,False,270
-184.655957,306,82.987113,True,False,271
-175.12676,319,83.219536,True,False,272
-443.623972,193,83.357862,True,False,273
-45.258463,374,84.597545,True,False,274
-375.976878,263,84.792974,True,False,275
0.224136,425,85.109527,True,False,276
-323.850038,115,85.193553,True,False,277
-308.053658,202,85.338885,True,False,278
-419.736416,196,85.481074,True,False,279
-132.795608,348,85.728624,True,False,280
-368.545101,108,85.805377,True,False,281
-347.130108,195,86.902791,True,False,282
-164.699497,352,87.167245,True,False,283
-24.974172,381,87.44934,True,False,284
-296.203473,167,87.594157,True,False,285
-267.24052,277,87.797046,True,False,286
-302.271302,174,87.931801,True,False,287
-446.525311,213,88.086158,True,False,288
-253.833529,298,88.300002,True,False,289
-35.826108,386,89.480053,True,False,290
-92.26052,387,89.763169,True,False,291
-326.072181,190,89.901616,True,False,292
-350.744383,239,90.077434,True,False,293
-348.852936,143,90.182621,True,False,294
-254.565941,320,90.413436,True,False,295
-319.929438,178,90.543468,True,False,296
-179.163428,317,91.731197,True,False,297
-225.102548,304,91.959808,True,False,298
-242.060994,309,92.185879,True,False,299
-269.470743,270,93.094392,True,False,300
-264.156925,285,93.322475,True,False,301
-319.875058,241,93.494965,True,False,302
-310.374644,249,93.676507,True,False,303
-50.920799,381,94.855499,True,False,304
-343.521239,194,95.018103,True,False,305
-159.924668,335,95.258542,True,False,306
-140.179564,335,95.497118,True,False,307
-51.652735,358,95.749777,True,False,308
-296.592193,333,95.992158,True,False,309
-308.923833,81,96.052478,True,False,310
-232.104736,245,96.224921,True,False,311
-0.645198,374,97.398124,True,False,312
-267.030673,133,97.495367,True,False,313
190.048482,439,97.813977,True,False,314
-180.155715,303,98.029752,True,False,315
73.8252,400,98.315778,True,False,316
-256.198182,244,98.489978,True,False,317
-68.145528,330,99.629374,True,False,318
-280.239912,110,99.709212,True,False,319
35.99053,385,99.993932,True,False,320
-343.750089,252,100.17638,True,False,321
-232.047551,235,100.346228,True,False,322
-96.455584,330,100.585748,True,False,323
-208.15251,244,100.758842,True,False,324
74.809814,402,101.969939,True,False,325
-249.94654,221,102.135627,True,False,326
-314.211274,178,102.264754,True,False,327
71.208905,397,102.550787,True,False,328
-305.051827,249,102.729653,True,False,329
-280.422462,112,102.810133,True,False,330
-143.911378,294,103.026612,True,False,331
-54.560332,335,103.26333,True,False,332
-294.247522,229,103.446065,True,False,333
-416.474642,244,104.545213,True,False,334
-317.860335,230,104.728732,True,False,335
-141.16256,327,104.971206,True,False,336
-85.361888,346,105.252584,True,False,337
-50.516941,351,105.502004,True,False,338
-328.944143,198,105.643998,True,False,339
-37.466547,429,106.871686,True,False,340
-390.234449,113,106.954044,True,False,341
107.086416,378,107.231329,True,False,342
-305.14885,112,107.310161,True,False,343
-19.223624,360,107.567026,True,False,344
6.035786,427,107.867201,True,False,345
-304.782022,124,107.955661,True,False,346
-250.240047,332,108.194942,True,False,347
-352.015443,321,109.323347,True,False,348
-220.963725,277,109.518302,True,False,349
-16.439193,354,109.767137,True,False,350
25.951251,391,110.046859,True,False,351
-277.892048,216,110.201146,True,False,352
184.425255,432,110.509676,True,False,353
-132.349513,319,111.668239,True,False,354
-254.874479,184,111.800983,True,False,355
76.210902,382,112.08442,True,False,356
-230.031006,277,112.286056,True,False,357
-273.392362,183,112.418483,True,False,358
79.463942,403,112.708467,True,False,359
-45.844217,371,112.975674,True,False,360
-213.643979,378,114.17064,True,False,361
-165.216655,352,114.427084,True,False,362
-206.688017,321,114.659282,True,False,363
-240.498383,83,114.719218,True,False,364
-325.006424,203,114.868268,True,False,365
63.212686,383,115.150143,True,False,366
-371.491421,216,115.30716,True,False,367
45.902495,412,116.531262,True,False,368
-57.70615,341,116.778326,True,False,369
176.701091,418,117.084105,True,False,370
-312.295231,246,117.262207,True,False,371
-177.689334,335,117.505312,True,False,372
-285.65556,192,117.643867,True,False,373
-21.044599,368,118.80105,True,False,374
775.303247,596,119.243353,True,False,375
158.209053,404,119.534289,True,False,376
-266.14913,186,119.671014,True,False,377
-100.248101,313,119.894281,True,False,378
-230.667867,229,120.058357,True,False,379
291.362081,509,121.369377,True,False,380
272.457665,445,121.687732,True,False,381
-281.922274,190,121.824761,True,False,382
-272.341314,111,121.903688,True,False,383
170.349637,425,122.210555,True,False,384
218.086187,452,122.529619,True,False,385
268.690534,450,123.754406,True,False,386
-293.153183,190,123.892885,True,False,387
12.759433,368,124.156057,True,False,388
173.558444,416,124.452567,True,False,389
182.305637,409,124.755213,True,False,390
123.960339,397,125.052304,True,False,391
-316.499279,114,126.067532,True,False,392
42.177946,397,126.348633,True,False,393
40.223465,358,126.613565,True,False,394
-150.414842,343,126.868,True,False,395
254.71566,444,127.208893,True,False,396
-182.140419,270,127.411129,True,False,397
-144.99863,281,128.51798,True,False,398
224.332565,442,128.839641,True,False,399
48.633183,370,130.440654,True,False,400
-313.547534,141,130.564982,True,False,401
-172.292476,232,130.741631,True,False,402
-307.855334,133,130.840296,True,False,403
978.711163,662,132.250756,True,False,404
-14.409021,345,132.505244,True,False,405
-326.666197,184,132.640678,True,False,406
210.282098,427,132.977597,True,False,407
213.582741,496,133.356488,True,False,408
-224.645169,60,133.39978,True,False,409
24.106353,372,133.670335,True,False,410
312.142,447,134.928231,True,False,411
-114.778167,325,135.180897,True,False,412
670.261343,591,135.613803,True,False,413
-295.74667,183,135.744255,True,False,414
-301.223012,230,135.915447,True,False,415
-299.983047,271,136.119925,True,False,416
267.70399,436,137.338385,True,False,417
288.728656,462,137.692289,True,False,418
-120.677246,355,137.94154,True,False,419
24.489621,346,138.199801,True,False,420
-95.611123,304,138.434306,True,False,421
-195.01894,257,138.622473,True,False,422
-334.124795,113,139.620721,True,False,423
205.134789,459,139.954853,True,False,424
72.26692,382,140.236284,True,False,425
-269.7492,181,140.3699,True,False,426
157.014749,390,140.659041,True,False,427
62.689689,386,140.942496,True,False,428
215.876913,427,142.28252,True,False,429
-296.488589,190,142.424276,True,False,430
-409.067797,177,142.554389,True,False,431
-268.898449,211,142.708403,True,False,432
-58.563841,316,142.939687,True,False,433
-278.825976,158,143.054929,True,False,434
-106.890174,285,143.26101,True,False,435
-52.360485,323,143.496453,True,False,436
-59.640775,312,144.618853,True,False,437
184.479714,394,144.912516,True,False,438
-89.983698,296,145.132663,True,False,439
-124.41074,279,145.339312,True,False,440
-202.475503,238,145.51589,True,False,441
-250.013925,206,145.668438,True,False,442
-515.168022,213,145.826157,True,False,443
-269.157708,160,145.945356,True,False,444
667.955352,547,147.265497,True,False,445
177.220493,397,147.558281,True,False,446
430.726092,477,147.907932,True,False,447
130.965987,378,148.18492,True,False,448
-145.195292,271,148.381172,True,False,449
-296.713195,166,149.426884,True,False,450
57.787373,360,149.682923,True,False,451
394.537827,476,150.021162,True,False,452
-31.106493,345,150.26493,True,False,453
77.315612,347,150.534139,True,False,454
122.551002,403,151.780073,True,False,455
-289.464965,200,151.921271,True,False,456
1158.747964,644,152.409136,True,False,457
-263.910835,232,152.572838,True,False,458
-339.771937,140,152.675513,True,False,459
141.287742,421,152.971673,True,False,460
-246.661836,82,153.029877,True,False,461
-59.208207,313,154.183106,True,False,462
-228.971329,234,154.359463,True,False,463
-234.236041,92,154.426428,True,False,464
130.591453,376,154.691519,True,False,465
-242.183865,212,154.841628,True,False,466
-325.562542,211,154.993133,True,False,467
-247.116126,128,155.084072,True,False,468
-69.405041,320,155.309491,True,False,469
-128.486489,298,155.519987,True,False,470
65.705634,407,156.775339,True,False,471
-286.242555,171,156.908115,True,False,472
-301.134828,193,157.069769,True,False,473
-153.928529,264,157.261971,True,False,474
-123.010334,269,157.45843,True,False,475
-36.766478,322,157.689402,True,False,476
-272.45128,159,157.802077,True,False,477
-38.388227,316,158.028826,True,False,478
175.548524,402,159.260934,True,False,479
-311.554135,119,159.349163,True,False,480
-14.231063,397,159.642952,True,False,481
-278.501118,176,159.773933,True,False,482
-263.187396,172,159.903274,True,False,483
-299.770482,157,160.021801,True,False,484
143.358583,427,160.336526,True,False,485
-116.585452,295,160.552761,True,False,486
-268.37862,148,161.599885,True,False,487
183.108737,388,161.885334,True,False,488
-62.768678,295,162.11081,True,False,489
-407.683494,192,162.253297,True,False,490
-165.267565,237,162.428779,True,False,491
113.94048,372,162.704414,True,False,492
-213.826992,214,162.860439,True,False,493
-194.571515,193,163.007579,True,False,494
196.801669,395,164.213901,True,False,495
59.668876,365,164.48367,True,False,496
-278.379168,192,164.623981,True,False,497
297.10696,426,164.932682,True,False,498
-249.437262,246,165.110503,True,False,499
-193.770614,230,165.8517,True,False,500
-1.657999,329,167.03481,True,False,501
-147.2829,340,167.289137,True,False,502
-69.617642,328,167.530338,True,False,503
209.233316,398,167.82069,True,False,504
-32.440738,303,168.038313,True,False,505
-57.956914,292,168.247752,True,False,506
130.293895,361,169.433949,True,False,507
-193.752445,203,169.58453,True,False,508
-272.789471,118,169.669819,True,False,509
-116.819922,257,169.850361,True,False,510
-274.908171,191,169.984267,True,False,511
-268.640505,207,170.133634,True,False,512
1815.857851,743,170.692664,True,False,513
-333.713609,116,170.779908,True,False,514
879.413887,587,172.178521,True,False,515
-288.481221,200,172.326782,True,False,516
75.381347,448,172.672963,True,False,517
175.530544,387,172.981509,True,False,518
79.285577,382,173.260358,True,False,519
-260.2905,200,174.316244,True,False,520
168.738727,377,174.593196,True,False,521
45.13193,335,174.840534,True,False,522
-235.629298,160,174.963478,True,False,523
583.753875,578,175.389474,True,False,524
-167.01066,236,175.566136,True,False,525
-293.587168,162,175.684774,True,False,526
104.721153,357,176.877412,True,False,527
1389.985445,673,177.376454,True,False,528
-357.618849,134,177.474935,True,False,529
-77.172636,271,177.674567,True,False,530
-73.286294,305,177.89665,True,False,531
1285.023161,664,179.28653,True,False,532
-188.793685,221,179.480402,True,False,533
112.977542,362,179.740008,True,False,534
-227.404556,141,179.841308,True,False,535
-230.108995,64,179.887673,True,False,536
687.943975,565,180.293213,True,False,537
-427.302768,301,180.509055,True,False,538
-264.493873,106,180.587471,True,False,539
99.627541,345,181.783812,True,False,540
-30.700017,313,182.017519,True,False,541
159.024563,371,182.288212,True,False,542
-177.274236,246,182.46859,True,False,543
-233.897103,201,182.614594,True,False,544
-320.271266,121,182.701302,True,False,545
-262.688929,135,182.798151,True,False,546
-213.793546,217,182.957067,True,False,547
206.707996,401,184.183993,True,False,548
-70.195544,293,184.393827,True,False,549
986.719616,613,184.83942,True,False,550
-250.979191,125,184.928833,True,False,551
-274.334086,148,185.034671,True,False,552
-211.944606,221,185.196352,True,False,553
269.300912,405,185.48743,True,False,554
143.535321,358,186.710031,True,False,555
223.49548,389,187.068971,True,False,556
73.120718,343,187.35853,True,False,557
-36.461043,368,187.646431,True,False,558
-234.190159,134,187.741208,True,False,559
-220.923125,91,187.807047,True,False,560
156.475079,383,188.078124,True,False,561
-267.679569,189,189.154076,True,False,562
282.504908,439,189.471756,True,False,563
374.079558,442,189.791329,True,False,564
260.387774,398,190.083295,True,False,565
393.16386,474,190.424726,True,False,566
-267.009008,156,191.468689,True,False,567
200.243573,376,191.745979,True,False,568
-294.572497,141,191.849908,True,False,569
-235.334473,193,191.994658,True,False,570
101.168934,333,192.239712,True,False,571
393.999961,478,192.588678,True,False,572
-272.851359,140,192.690672,True,False,573
-46.674049,292,192.91967,True,False,574
-47.510353,357,194.111297,True,False,575
-244.265664,187,194.248589,True,False,576
-204.557789,143,194.353547,True,False,577
-10.977889,312,194.582906,True,False,578
386.387973,427,194.891817,True,False,579
-296.536667,166,195.010911,True,False,580
217.856542,378,195.284845,True,False,581
-58.890682,282,196.435031,True,False,582
160.866598,359,196.694514,True,False,583
100.68564,342,196.945518,True,False,584
2564.731165,860,197.580063,True,False,585
-299.234339,189,197.712552,True,False,586
-170.775634,230,198.793424,True,False,587
-60.336836,280,199.006999,True,False,588
-139.07352,256,199.191378,True,False,589
-130.777328,259,199.373731,True,False,590
-250.866913,160,199.485471,True,False,591
-198.356418,201,199.629569,True,False,592
115.082528,349,199.879311,True,False,593
-250.018343,180,200.005502,True,False,594
-221.731013,86,200.065997,True,False,595
296.126878,424,201.267641,True,False,596
-94.183282,279,201.468093,True,False,597
375.792088,471,201.813871,True,False,598
71.045524,339,202.089126,True,False,599
-115.619654,254,203.024876,True,False,600
93.388985,336,203.302355,True,False,601
-317.254,186,204.338698,True,False,602
1178.030283,630,204.808282,True,False,603
-264.462928,152,204.924032,True,False,604
-243.402968,107,205.006837,True,False,605
-316.16377,130,205.101998,True,False,606
-1097.017361,320,205.337461,True,False,607
172.442431,381,205.619286,True,False,608
464.197933,486,206.919756,True,False,609
-135.135305,248,207.105611,True,False,610
1946.928057,780,207.679077,True,False,611
136.6879,368,207.951536,True,False,612
54.703423,333,208.191823,True,False,613
-156.478809,279,209.29873,True,False,614
-250.037343,111,209.400129,True,False,615
218.902007,393,209.699341,True,False,616
-235.03347,250,209.880824,True,False,617
163.149567,360,210.141549,True,False,618
-75.448899,298,210.358112,True,False,619
218.64901,377,210.631568,True,False,620
-257.996247,148,211.660299,True,False,621
2456.341389,850,212.278292,True,False,622
-175.130164,204,212.426131,True,False,623
66.530486,351,212.682045,True,False,624
52.838848,349,212.932554,True,False,625
288.457349,449,214.190108,True,False,626
273.970247,461,214.526413,True,False,627
2545.21093,855,215.146345,True,False,628
-307.699178,194,215.285839,True,False,629
-343.266339,146,215.392729,True,False,630
1354.566934,681,216.820915,True,False,631
1801.238708,740,217.405296,True,False,632
1144.50454,641,217.88503,True,False,633
-156.159996,251,219.001451,True,False,634
303.818486,445,219.373748,True,False,635
-239.433196,96,219.444242,True,False,636
-253.135661,174,219.570995,True,False,637
1934.172027,777,220.137827,True,False,638
-229.384416,168,220.258848,True,False,639
1128.638209,623,221.627896,True,False,640
-243.655616,108,221.703961,True,False,641
-70.631326,266,221.901698,True,False,642
2404.192706,832,222.506712,True,False,643
70.733172,322,222.756905,True,False,644
-48.888038,296,223.879218,True,False,645
-216.084281,125,223.980294,True,False,646
176.83683,418,224.277306,True,False,647
303.422687,406,224.564724,True,False,648
309.416261,415,224.862837,True,False,649
-54.511328,287,225.063683,True,False,650
-64.347874,248,225.238676,True,False,651
377.466804,414,226.496807,True,False,652
275.625496,450,226.813914,True,False,653
522.961878,476,227.157988,True,False,654
-254.982656,187,227.29154,True,False,655
68.874364,331,227.526205,True,False,656
307.697242,404,228.737444,True,False,657
-230.623881,208,228.887293,True,False,658
-200.658344,195,229.047761,True,False,659
2187.671216,788,229.606648,True,False,660
-29.653978,307,229.822412,True,False,661
182.078688,362,230.080343,True,False,662
-71.149793,286,231.216828,True,False,663
-209.068099,215,231.369583,True,False,664
3112.421855,911,232.031128,True,False,665
-167.807801,241,232.20445,True,False,666
304.267391,417,232.508001,True,False,667
328.879925,416,233.721168,True,False,668
-177.304734,204,233.868599,True,False,669
-254.167524,106,233.945004,True,False,670
-101.960859,276,234.144354,True,False,671
1023.163573,616,234.586775,True,False,672
-531.320471,405,234.880461,True,False,673
920.498797,599,236.251567,True,False,674
-281.749708,183,236.38412,True,False,675
-265.892631,122,236.47542,True,False,676
578.797577,486,236.835567,True,False,677
2602.587879,838,238.456171,True,False,678
-297.009301,196,238.600325,True,False,679
-261.092139,213,238.758245,True,False,680
-172.097517,191,238.895943,True,False,681
305.511814,413,239.194326,True,False,682
1297.538159,651,239.667307,True,False,683
490.082321,462,240.92477,True,False,684
277.315167,416,241.238593,True,False,685
122.406424,355,241.498002,True,False,686
-210.32259,127,241.590925,True,False,687
-199.627174,207,241.744576,True,False,688
-278.144819,137,241.845046,True,False,689
267.33023,402,242.168872,True,False,690
977.622238,600,243.535442,True,False,691
-180.485487,222,243.699482,True,False,692
-15.53964,308,243.939392,True,False,693
912.453143,575,244.370268,True,False,694
1391.164258,669,245.788654,True,False,695
-280.471338,132,245.885939,True,False,696
715.725719,521,246.270438,True,False,697
-305.534526,202,246.422015,True,False,698
-116.739373,257,246.625162,True,False,699
-261.124523,137,247.076834,True,False,700
339.4606,401,247.389796,True,False,701
182.188905,372,248.550053,True,False,702
777.073646,537,248.940731,True,False,703
414.705628,540,249.334155,True,False,704
-167.919074,227,249.49754,True,False,705
-255.593998,196,249.639898,True,False,706
5.226352,305,249.861554,True,False,707
185.48058,361,251.081475,True,False,708
-198.847103,113,251.161979,True,False,709
670.917191,522,251.530138,True,False,710
497.095579,481,251.900353,True,False,711
-111.493552,263,252.100954,True,False,712
882.805624,551,253.450635,True,False,713
2839.681511,905,254.091079,True,False,714
481.272234,453,254.409041,True,False,715
806.907306,573,254.814305,True,False,716
885.850812,583,256.170226,True,False,717
-211.746971,121,256.257608,True,False,718
196.706664,487,256.607571,True,False,719
-81.479805,298,256.825003,True,False,720
415.561063,433,257.167401,True,False,721
185.223976,372,258.32335,True,False,722
37.983706,327,258.563686,True,False,723
-227.089162,97,258.633854,True,False,724
-247.060795,97,258.702639,True,False,725
-240.47733,161,258.816804,True,False,726
256.180072,377,259.09354,True,False,727
-251.041819,122,259.180739,True,False,728
875.444875,574,259.585294,True,False,729
1203.040443,624,260.915849,True,False,730
-26.359759,316,261.146816,True,False,731
187.862859,373,261.411893,True,False,732
1110.816648,605,261.844291,True,False,733
1218.595972,632,263.191611,True,False,734
-426.06914,249,263.369979,True,False,735
1672.869865,710,263.877957,True,False,736
1142.088825,649,264.346234,True,False,737
121.139769,364,265.511467,True,False,738
-1.541186,303,265.727221,True,False,739
-267.994946,126,265.818065,True,False,740
239.381115,373,266.092089,True,False,741
-182.746142,239,266.262523,True,False,742
675.80803,522,266.628027,True,False,743
-262.516059,115,266.711774,True,False,744
-144.770251,284,267.84324,True,False,745
223.933145,367,268.110914,True,False,746
-274.749227,126,268.200047,True,False,747
-115.009535,246,268.37874,True,False,748
1288.625338,735,268.906476,True,False,749
-242.668207,100,268.978102,True,False,750
110.225441,340,270.139914,True,False,751
152.988904,381,270.436916,True,False,752
348.185112,428,270.747532,True,False,753
1229.68912,675,271.248792,True,False,754
-304.795588,231,271.41797,True,False,755
1043.59547,724,272.845508,True,False,756
1193.816763,658,273.320901,True,False,757
-6.789223,297,273.537357,True,False,758
-293.771506,109,273.618831,True,False,759
738.333163,551,275.03151,True,False,760
-17.030594,323,275.257968,True,False,761
1507.1316,715,275.771149,True,False,762
1016.044408,601,276.259624,True,False,763
1172.047024,631,277.64998,True,False,764
581.794122,535,278.051987,True,False,765
-141.633094,282,278.253867,True,False,766
-134.315442,246,278.433051,True,False,767
1919.583305,755,279.881083,True,False,768
-218.883208,98,279.954758,True,False,769
1624.831462,715,280.471213,True,False,770
-334.959522,204,280.61993,True,False,771
294.936903,476,280.960909,True,False,772
1142.201694,617,282.316097,True,False,773
390.520477,426,282.623129,True,False,774
111.777311,348,282.872276,True,False,775
-107.372627,259,283.064762,True,False,776
66.064046,336,283.302203,True,False,777
963.534421,580,284.649355,True,False,778
-203.241231,109,284.728996,True,False,779
1755.91562,728,285.255189,True,False,780
431.160397,440,285.569882,True,False,781
914.393663,581,286.039467,True,False,782
-314.970426,151,287.045439,True,False,783
-366.60994,206,287.195421,True,False,784
394.085594,511,287.56542,True,False,785
-248.115791,108,287.642845,True,False,786
891.572055,587,288.068794,True,False,787
-250.793615,227,288.233844,True,False,788
-93.68126,280,288.434902,True,False,789
-82.740263,266,289.560529,True,False,790
-230.272939,150,289.669171,True,False,791
989.203491,619,290.115704,True,False,792
-245.831811,83,290.175409,True,False,793
1561.168261,707,290.68423,True,False,794
-105.556682,263,290.8748,True,False,795
119.759797,483,292.157575,True,False,796
178.936127,367,292.422998,True,False,797
1218.13664,647,292.887218,True,False,798
-269.665366,285,293.090422,True,False,799
-312.427466,181,293.595727,True,False,800
369.944886,420,294.871538,True,False,801
2757.411019,869,295.548932,True,False,802
586.095294,530,295.961877,True,False,803
3342.497733,940,297.637629,True,False,804
-182.366849,213,297.795622,True,False,805
2233.891123,804,298.387634,True,False,806
865.479289,617,299.75342,True,False,807
2016.206666,768,300.330949,True,False,808
1521.849509,696,300.840392,True,False,809
358.288949,575,302.209304,True,False,810
-211.162016,181,302.339289,True,False,811
-268.233824,83,302.399331,True,False,812
2860.403511,879,303.04193,True,False,813
768.439914,558,303.451324,True,False,814
287.690256,386,304.635352,True,False,815
1053.686899,637,305.08806,True,False,816
-321.348383,160,305.202096,True,False,817
601.531258,554,305.610069,True,False,818
-177.906914,229,305.775539,True,False,819
2261.224769,812,307.450751,True,False,820
991.95296,630,307.912411,True,False,821
-27.399245,266,308.101536,True,False,822
969.165466,606,308.531704,True,False,823
229.06561,372,309.760845,True,False,824
2121.429129,831,310.379117,True,False,825
1172.075086,688,310.885545,True,False,826
821.449345,579,312.21307,True,False,827
1515.989776,716,312.744189,True,False,828
-87.145484,260,312.935484,True,False,829
-143.713277,227,313.108308,True,False,830
2423.737641,850,314.624188,True,False,831
967.925593,621,315.075536,True,False,832
1935.228241,778,315.642248,True,False,833
-217.042713,93,315.709486,True,False,834
1895.617283,775,317.245963,True,False,835
2245.810156,824,317.846083,True,False,836
-557.332569,559,318.25042,True,False,837
568.837505,462,319.533472,True,False,838
-301.990986,195,319.673764,True,False,839
119.803883,572,320.09043,True,False,840
3170.535524,936,321.687487,True,False,841
6.916376,283,321.897266,True,False,842
-203.965409,284,322.13891,True,False,843
-239.874412,205,322.289318,True,False,844
1260.143781,688,322.795894,True,False,845
-426.784159,169,322.922123,True,False,846
979.09044,628,324.302888,True,False,847
963.637085,603,324.753436,True,False,848
438.403324,426,325.065741,True,False,849
616.733718,563,325.473509,True,False,850
-185.754523,209,326.538484,True,False,851
2193.438919,838,327.173628,True,False,852
-272.727749,340,327.417305,True,False,853
357.595577,508,327.782899,True,False,854
-230.997744,209,327.932046,True,False,855
1983.284454,777,329.399934,True,False,856
-193.515274,124,329.487447,True,False,857
-275.474381,307,329.701805,True,False,858
3872.167932,1017,331.386632,True,False,859
289.232943,543,331.785432,True,False,860
-395.417731,297,332.021997,True,False,861
2657.882413,884,332.687594,True,False,862
2506.800721,921,334.32316,True,False,863
1003.773356,715,334.829682,True,False,864
577.36795,637,335.282819,True,False,865
254.475991,531,336.552009,True,False,866
1732.844854,830,337.171082,True,False,867
-309.065748,237,337.350284,True,False,868
-208.013526,92,337.418265,True,False,869
31.684257,366,337.68693,True,False,870
-319.235752,148,338.69902,True,False,871
703.312836,521,339.085752,True,False,872
147.123569,542,339.485347,True,False,873
1493.886833,781,340.066913,True,False,874
550.422028,624,341.427388,True,False,875
3726.143976,1126,342.255248,True,False,876
-223.692967,104,342.331585,True,False,877
2555.64741,967,343.977378,True,False,878
3839.472821,1080,344.743237,True,False,879
5290.877537,1267,346.569028,True,False,880
2551.306435,917,347.238981,True,False,881
2071.678567,868,348.776604,True,False,882
3744.166268,1076,349.574464,True,False,883
5773.728906,1278,351.446335,True,False,884
4167.530002,1164,353.235834,True,False,885
1385.376615,852,353.873607,True,False,886
5521.31515,1254,355.698452,True,False,887
-116.070109,314,355.930984,True,False,888
-173.447308,236,356.104825,True,False,889
3001.345327,1059,356.857091,True,False,890
8891.607795,1524,358.837371,True,False,891
1380.435926,853,360.351315,True,False,892
-275.172521,107,360.426408,True,False,893
2997.299077,1059,361.211724,True,False,894
